Customer_id,email,password,username,address,phone_number
1,fbenzing0@umich.edu,Qwerty,mknoble0,8721 Nelson Alley,9386816520
2,qgurton1@usa.gov,DVMgir,cmactrusty1,24 Donald Road,9871270500
3,bmacartney2@reuters.com,qwerty1234,vbarling2,99881 Thackeray Park,7868126927
4,kcoke3@google.com,QWERTY,mjentet3,56 Eastlawn Terrace,7215806703
5,ashrive4@usda.gov,JjdLHYaK2R,pkuban4,3732 Judy Crossing,8165373085
6,qgurton1@usa.gov,passw0rd1!,imurch5,5 Hagan Road,4693242628
7,bperris6@storify.com,uxo4pLe,kantalffy6,7 Dryden Parkway,7187183179
8,shelin7@ow.ly,passw0rd1!,slocker7,4737 Tony Center,9882829541
9,kbeal8@illinois.edu,Qwerty,phardage8,8721 Nelson Alley,1901109751
10,qgurton1@usa.gov,d4xaq8,mstobart9,2107 Utah Court,9737584200
11,tpavica@goo.ne.jp,passw0rd1!,jgaudina,56659 Blue Bill Park Hill,6057873846
12,awonesb@123-reg.co.uk,ApIo8vwUSoCD,kwolfersb,12 Hoepker Terrace,5708793963
13,gmccarlec@tmall.com,vArQt2l16,mmappc,2 4th Street,9174724371
14,qgurton1@usa.gov,passw0rd1!,bmanzelld,37317 Lien Center,2462222831
15,tsemeniuke@webs.com,euhycyHnM,gantracke,6697 Hovde Court,9987006305
16,lkitcherf@fda.gov,PyqUJv13t1X,hsemeniukf,79 Dahle Alley,7411192464
17,qgurton1@usa.gov,3z3is5AfCVwF,abirdwhistleg,8721 Nelson Alley,9176208320
18,qgurton1@usa.gov,passw0rd1!,rabendrothh,1393 Rutledge Trail,9946811300
19,gpaweleci@ca.gov,hMxNn6,dkeilingi,7 Goodland Center,3465231031
20,eseillerj@blogger.com,Qwerty,fkiggelj,60 Lighthouse Bay Lane,7553833328
21,ialdissk@prlog.org,dzIERy7,asteinsonk,2 Hermina Avenue,8188587639
22,tduchennel@nydailynews.com,qcGUEMV2,twasielal,63 Westend Center,9946811300
23,qgurton1@usa.gov,PMFSsTtmn,tmayhoum,24204 Gateway Place,8438441137
24,nlockettn@yahoo.com,XI5ZUFTdzh,creagann,60 Lighthouse Bay Lane,2179694864
25,lkitcherf@fda.gov,SFh7wQCs,csenescallo,36618 Farragut Street,8479261535
26,qgurton1@usa.gov,Qwerty,gbiasip,60 Lighthouse Bay Lane,9946811300
27,qgurton1@usa.gov,Pj6i4C1Yo,pmowsleyq,8721 Nelson Alley,6514163566
28,aaynsleyr@hibu.com,BlDb6auJ2Lpk,hlegonidecr,5856 Brickson Park Lane,8162195858
29,hgilhouleys@abc.net.au,jhIfx74XmBB,hchesnays,78058 Schiller Hill,9946811300
30,kdegnent@jiathis.com,rgg12VEOrmb,aloughrent,2108 Miller Court,6064432695
31,lkitcherf@fda.gov,ErG0glzckV,lgoodenoughu,70418 Esch Parkway,9946811300
32,bmatuskiewiczv@netlog.com,sfZ7VulSTgso,svongladbachv,2 Goodland Court,9496679309
33,mwhitfordw@g.co,JkI35miD,dbyrthw,60 Lighthouse Bay Lane,3273107369
34,lburganx@bloglovin.com,Xbx95O,aluttonx,9 Killdeer Alley,9946811300
35,lkitcherf@fda.gov,Bwls4H3tyDCu,vpardewy,5373 Ludington Park,1784419885
36,nladdlez@discovery.com,PYEe4FPiwEYd,sgerrensz,60 Lighthouse Bay Lane,5237037495
37,lkitcherf@fda.gov,r71SBhQ7PzN,mpennigar10,1049 Randy Lane,7695640856
38,pcornish11@aol.com,Ja23XFl2,btriggle11,4 Macpherson Hill,5422912870
39,ecushworth12@behance.net,p6ecuT1,kbaglin12,1 Bunker Hill Crossing,9946811300
40,lhurl13@bloomberg.com,qwerty1234,beslinger13,56 Wayridge Alley,5038016524
41,abrunn14@toplist.cz,ZZ72tIKkcO,rcaulwell14,25647 Mitchell Plaza,8424042626
42,akelk15@soup.io,mLKPixUhOo,vupham15,42574 Cordelia Way,8542036885
43,mdrohan16@answers.com,KSKeY3aSgk,akryszka16,42574 Cordelia Way,8495860943
44,khoolaghan17@nytimes.com,WEHV9oKAvOg,vledgister17,42574 Cordelia Way,8542036885
45,ssimond18@woothemes.com,zb6iwwU,oairey18,4 Cordelia Parkway,1889857806
46,mcarnihan19@wikia.com,DGKFn8R,acostell19,4 Macpherson Hill,1371973817
47,lkitcherf@fda.gov,NxSbB3,dagar1a,9 Bayside Avenue,8542036885
48,pcuardall1b@disqus.com,QZ1avEVNkLg,rsimonite1b,96980 Little Fleur Way,8088320466
49,lkitcherf@fda.gov,Password1..,abentham1c,42574 Cordelia Way,2424327284
50,lkitcherf@fda.gov,RmNMpkgc,lshelton1d,23 Grover Place,4891484297
51,canthill1e@ustream.tv,21QfY65zAcjy,sbleibaum1e,591 Redwing Avenue,3025653404
52,lkitcherf@fda.gov,mRnPhZ4phi,jcuningham1f,32481 Onsgard Alley,3521976296
53,emenguy1g@miitbeian.gov.cn,ay7hiILYb1P,wparkins1g,0 Golf View Avenue,7283415013
54,lkitcherf@fda.gov,ePw5LMYfOt,etchaikovsky1h,6 Spohn Point,9413911498
55,lkitcherf@fda.gov,dFRMGMZO85,lszantho1i,4 Macpherson Hill,5477163353
56,dgero1j@reverbnation.com,uGwbtfNJi,pcolliar1j,97411 Charing Cross Terrace,9163529322
57,gshalloo1k@nsw.gov.au,Afsve76ne,pkelsey1k,448 Banding Street,8542036885
58,ibownass1l@si.edu,passw0rd1!,mbleeze1l,685 Sheridan Alley,7229984093
59,cmacvey1m@pagesperso-orange.fr,KabPy3YR3T,fransom1m,20375 Tomscot Point,3655510931
60,bharradence1n@trellian.com,7P4k2uqA,grignall1n,522 Stone Corner Park,4004109489
61,ftinman1o@epa.gov,4RUOQn,gwort1o,42574 Cordelia Way,7886076526
62,lbradburne1p@i2i.jp,osSEMyR5hD4,znickols1p,295 Sheridan Road,2943272244
63,jpendrey1q@upenn.edu,7wW06j,crymer1q,0 Brown Plaza,6216637699
64,ygoss1r@home.pl,2xdHAz7FRNB,awhybray1r,42574 Cordelia Way,8189851765
65,fsearchwell1s@zimbio.com,8O1Hne2ng8,mkubala1s,4 Macpherson Hill,8615312042
66,lkitcherf@fda.gov,B2MIxstMf,hcamili1t,45178 Fieldstone Alley,9882829541
67,ykeyes1u@google.ru,ulfcl6b3,mmacdaid1u,01 Coolidge Circle,2002990391
68,iscarasbrick1v@sakura.ne.jp,Kjb3We,jhackley1v,0757 Colorado Circle,5717248313
69,lkitcherf@fda.gov,tbu0dc,icoutts1w,803 Haas Trail,8542036885
70,jcambden1x@toplist.cz,5O0kQ6reyJRm,dmatches1x,42574 Cordelia Way,5553514066
71,lkitcherf@fda.gov,vdCMOkwkk,cdeal1y,7718 Morningstar Lane,6593535448
72,kholgan1z@nymag.com,qyCWczogLnF,hwinthrop1z,50 La Follette Court,7571849627
73,jscates20@myspace.com,CV2sSPSv,ucosgreave20,6 Esch Center,3463252221
74,lkitcherf@fda.gov,N8HcTE,hcluatt21,0 Macpherson Junction,4642416461
75,lkitcherf@fda.gov,ztnjPfc56q1G,mbutchard22,6 Towne Crossing,1982551844
76,eghent23@thetimes.co.uk,Ft4ZdK8qgl,sdelnevo23,1 Portage Road,3806451589
77,cgadsden24@oracle.com,hrkohmEpX,cpattle24,7169 Everett Road,4623213775
78,lkitcherf@fda.gov,jNnSuGZw,pdossit25,187 Nancy Circle,4907578353
79,akollaschek26@theguardian.com,vUqkrJhn,egrewar26,0611 Acker Parkway,9803812055
80,cbenneyworth27@reference.com,GnMMy5,emuldowney27,73974 Center Park,7432714642
81,lkitcherf@fda.gov,gs4m84,dchace28,4 Vernon Street,8542036885
82,wcourtese29@nbcnews.com,PjXoFLn4HJ,athinn29,0 Macpherson Junction,1586930783
83,lkitcherf@fda.gov,j6SVJsK8F,jdedomenicis2a,9364 Raven Parkway,5144029170
84,ekinder2b@epa.gov,eQi9WQUPLT0c,bheersema2b,2670 Pine View Junction,9187094922
85,soldmeadow2c@newyorker.com,cuNOclwOY,tfranchyonok2c,072 Waywood Place,2478642396
86,mtue2d@businessweek.com,5kK6sc,cjerrolt2d,1294 Mosinee Trail,9245227600
87,ohearst2e@pbs.org,cacrXQEkli,emiddlemist2e,89908 Fremont Lane,6464701112
88,lkitcherf@fda.gov,K48BX7,vhamer2f,0 Macpherson Junction,4609514983
89,amatiebe2g@yahoo.com,FzZ5ueHPN,islight2g,7 Westport Parkway,9245227600
90,bsudlow2h@goodreads.com,S520EeoLId,afrostdicke2h,775 Melody Center,5387099511
91,tpavica@goo.ne.jp,hra2OTpy,qgarrals2i,70758 Moose Park,4044738141
92,lkitcherf@fda.gov,LPjLrJ2,rsouthouse2j,0 Macpherson Junction,2511253763
93,cmathis2k@artisteer.com,DVPBJU,jwoolvin2k,5172 Merry Lane,9245227600
94,gyeudall2l@cdc.gov,zVec8tPlfTxm,hsurmon2l,2 Weeping Birch Alley,8929160312
95,whoulden2m@indiatimes.com,fJRKzydRUf,cknapman2m,78 Glendale Crossing,5086035201
96,lkitcherf@fda.gov,ANoR3auCGT,garmstrong2n,01683 Hintze Drive,7552824658
97,cbunyan2o@spiegel.de,oSFQ3xWIu,bcourse2o,53878 Burning Wood Center,1519485766
98,wwissby2p@acquirethisname.com,passw0rd1!,eskea2p,72160 Utah Terrace,4588268994
99,aanfonsi2q@youku.com,dHYBVlO,jadrianello2q,0486 Barnett Drive,9472856985
100,svignaux2r@wiley.com,aLNRw6T72sG,cratie2r,222 Welch Alley,9245227600
101,awilmore2s@cbc.ca,thUbHT,cresdale2s,81867 Gina Alley,3107241309
102,cmouncey2t@comcast.net,DPBrGSqF5Hwk,lbutterfint2t,830 Truax Point,2434409183
103,dcowpland2u@w3.org,8Gqmi0,lmechi2u,45 Fallview Place,9245227600
104,megdell2v@twitter.com,ju6B754bD,rdeverson2v,31 Mitchell Avenue,7898897829
105,lkitcherf@fda.gov,UhqAIELl,sivashintsov2w,81867 Gina Alley,9057887771
106,pcote2x@upenn.edu,2iWaAkeFXGdD,mmossdale2x,4 Pepper Wood Place,7022626477
107,cwhelband2y@networkadvertising.org,qwerty1234,eheinzler2y,85 Service Circle,9512850422
108,lkitcherf@fda.gov,IreNqDR,smaskelyne2z,4822 Namekagon Center,8791578411
109,mivatt30@prweb.com,YLQawpcvly4S,emcfee30,03480 Sloan Pass,6528616959
110,gfrickey31@miibeian.gov.cn,j429M1BfbpT5,minstock31,1 Forster Plaza,9883760317
111,jbuckney32@flickr.com,dNF8ehkvJNE8,afridlington32,82381 Surrey Place,5867120635
112,emcfaell33@scientificamerican.com,mzZURX5PK,aarkwright33,6369 Delladonna Plaza,9245227600
113,lkitcherf@fda.gov,gVNgAu,scrosseland34,43629 1st Street,8324929878
114,bkingzeth35@reverbnation.com,uL2LBOI,ctwamley35,1 Hagan Drive,8904033615
115,pebbotts36@cornell.edu,ewfrOpLb5Id,bcuruclis36,81867 Gina Alley,9245227600
116,lkitcherf@fda.gov,ogpaTN,gbootland37,1470 Reinke Circle,3944066191
117,lkitcherf@fda.gov,knSELQ,ksharer38,0 Corscot Drive,3603238048
118,aredler39@statcounter.com,YJFg3aG,cmattschas39,4822 Namekagon Center,3845214950
119,ftooker3a@nsw.gov.au,c08BorToXf,mtomsa3a,1980 Hooker Lane,3535596755
120,jphidgin3b@github.com,OF6Fux,vknighton3b,706 New Castle Hill,8172694592
121,rbettington3c@fema.gov,UonGk8dy67n,joreagan3c,8311 Hermina Hill,3169645956
122,acason3d@scribd.com,AlK2ZceiO1,mdavage3d,402 2nd Terrace,3217672040
123,lkitcherf@fda.gov,NEUr0dttLH,hdobbin3e,4822 Namekagon Center,7352634652
124,ksabbins3f@quantcast.com,Ds0t23,gcouves3f,2 Erie Place,4143799288
125,lrao3g@vk.com,F57Nkg8xj2,ktrethewey3g,38462 Cottonwood Lane,9245227600
126,rbettington3c@fema.gov,KfnQgUPsP7,awantling3h,3 Schurz Drive,8399362522
127,lkitcherf@fda.gov,kxIqqd,lpollitt3i,875 Helena Circle,9799143749
128,rbettington3c@fema.gov,75GHFTOty,jdows3j,504 Buhler Road,2122672370
129,ucrannage3k@themeforest.net,v0nQbt,jdonalson3k,701 Melrose Plaza,3729163999
130,mmelin3l@hhs.gov,XZEEHNcgz,yhigounet3l,2 Erie Place,9245227600
131,sklicher3m@webs.com,mluKwybR,tjarritt3m,6 Mallard Drive,3198101351
132,rbettington3c@fema.gov,tVQTRT4,tguidelli3n,95 Superior Plaza,1477188956
133,zmayo3o@desdev.cn,70ee2Bb,cduquesnay3o,20101 Texas Circle,9245227600
134,bshrawley3p@time.com,qwerty1234,elehenmann3p,2 Erie Place,5084182879
135,rbettington3c@fema.gov,iwkvRa,mprynne3q,544 Independence Junction,1652603062
136,rbettington3c@fema.gov,1QSBLhHu,carnaldi3r,039 Walton Street,1949356097
137,rbettington3c@fema.gov,ziMjmEQTTweA,bbalnave3s,89378 Alpine Point,8117464750
138,vchatelain3t@loc.gov,passw0rd1!,aleates3t,63 Meadow Ridge Hill,8786329704
139,rbettington3c@fema.gov,og6yvMV,scalbert3u,9 Annamark Park,5978811732
140,gwasling3v@foxnews.com,FDQn9mPY,sdameisele3v,20101 Texas Circle,1466012406
141,edowse3w@gov.uk,LDjcN31,kherreros3w,5 West Trail,9131550483
142,jlewty3x@mapy.cz,LrVhTJ,djohannesson3x,546 Daystar Terrace,6426829314
143,mberringer3y@netscape.com,zywY89d,gjouanny3y,7 Holy Cross Terrace,7327186381
144,rbettington3c@fema.gov,A1ng1PAbO,lkeitch3z,79 Dennis Avenue,6025544044
145,hmenichelli40@pagesperso-orange.fr,5OVbpEz,mmonahan40,20101 Texas Circle,3317781693
146,kretchless41@usda.gov,oZYpK5,sphilips41,0590 Waxwing Parkway,7295028016
147,rbettington3c@fema.gov,MBa9UetmXt,kpettiford42,79 Dunning Trail,3593191463
148,rmacenelly43@mayoclinic.com,v8zPMGv,kshoute43,165 Lake View Place,3317781693
149,tscrease44@usatoday.com,0oyLCBnNHTP,bkornacki44,111 Bashford Center,8002103307
150,rmacenelly43@mayoclinic.com,5F56mOj8,adurdle45,9497 Hermina Trail,3317781693
151,gcollabine46@csmonitor.com,MVixODWY,gscothron46,8 Grover Court,1014293589
152,rmacenelly43@mayoclinic.com,Rs8RZdUYXM,dvalsler47,038 Golf View Avenue,1794165099
153,rbettington3c@fema.gov,1Ro6dYkEUfiQ,jpickersail48,569 Dottie Way,3317781693
154,rmacenelly43@mayoclinic.com,BTCe1VD,rspriddle49,79 Dennis Avenue,1061963311
155,vneill4a@last.fm,KPOykxOmBJn,mleger4a,9026 Rusk Avenue,1304201263
156,rmacenelly43@mayoclinic.com,yC3aVJTwiFC,lpoulter4b,44 Superior Park,3317781693
157,rmacenelly43@mayoclinic.com,rVPYqxTmtwXw,dwarin4c,8359 Kinsman Junction,3317781693
158,egianolo4d@time.com,0yV9qbqL6WPp,ctamburi4d,225 Ridge Oak Trail,8608553927
159,mhaseldine4e@discuz.net,T1uvKNT8C8,bstapylton4e,471 Anzinger Terrace,8973137069
160,dbrasted4f@instagram.com,eYleCGg,tbeadle4f,38 Riverside Pass,9966811247
161,ncrut4g@etsy.com,dAvHrOC,cmckinty4g,79 Dennis Avenue,1637245333
162,fbugby4h@ycombinator.com,9z04gwgWR,jstickells4h,8488 Dakota Hill,4794724805
163,rmacenelly43@mayoclinic.com,vAIHDz,smahady4i,5784 1st Hill,5298757915
164,ejenyns4j@forbes.com,e0Z80pC,clonergan4j,3 Lawn Trail,6749264090
165,rmacenelly43@mayoclinic.com,X43iVym,imordy4k,3 Esker Court,5815438112
166,rbettington3c@fema.gov,jgy498,tmaginot4l,8 Ridgeview Lane,5912858968
167,rbettington3c@fema.gov,zElIYob,fdufton4m,12201 Surrey Park,7188248086
168,adoerling4n@nifty.com,uscztQkQ,pkarlik4n,514 Bobwhite Drive,5226640486
169,agregan4o@alexa.com,bm2LAFDD,zschober4o,9 Lindbergh Way,3317781693
170,ablade4p@gizmodo.com,WATow5tGQ,gpardew4p,14882 Anniversary Trail,4559620385
171,rbettington3c@fema.gov,4pHRXYNGMo,salp4q,36 1st Road,2441729368
172,severard4r@jalbum.net,fvvpeoHALFk,gsterricker4r,83 Sunfield Street,9401100316
173,klente4s@msu.edu,q62JrDCP4Px,csamsin4s,9026 Rusk Avenue,3317781693
174,rmacenelly43@mayoclinic.com,S7xV9kXxPCD,kshrimplin4t,0 Reindahl Drive,5765492818
175,ihartfleet4u@xing.com,B2e9yES,ffrayne4u,45630 Kennedy Trail,8733635572
176,rfogel4v@abc.net.au,qwerty1234,cguidoni4v,334 Anniversary Street,4704994804
177,rmacenelly43@mayoclinic.com,poKwLi,etheriot4w,31 Myrtle Street,4094545733
178,cpoundsford4x@shop-pro.jp,passw0rd1!,vandrichak4x,02854 Mesta Center,1842029773
179,rmacenelly43@mayoclinic.com,URCqEpIwMMf,dbooy4y,76 Menomonie Place,5805769665
180,utunaclift4z@woothemes.com,cLFXRZ8n,kmauro4z,3 Esker Court,7919403672
181,evasiliu50@wikispaces.com,Bs8flwX7LD,mfaldo50,2845 Burrows Park,3877891202
182,cgadsden24@oracle.com,weCXpAc,lgrombridge51,99880 Golf Point,4559620385
183,ytoll52@mayoclinic.com,9BumEp9HV,opedracci52,785 Miller Lane,7624488459
184,cmandres53@intel.com,d8VnkPNotfX,dcowle53,04 Mcbride Parkway,8394589348
185,mdullard54@senate.gov,qB9cyssp4s,tmaccaughey54,3 Esker Court,4559620385
186,rbecerra55@answers.com,fwWH938mSROg,aaustins55,10 Lake View Avenue,4629449716
187,gbraker56@seattletimes.com,qwerty1234,vwhittek56,17 Acker Point,8323985802
188,vivkovic57@sciencedirect.com,Nrk7HGO,cbertrand57,859 Bay Court,6804734796
189,hsambles58@usgs.gov,S4UiYh,edesremedios58,40903 Veith Lane,4559620385
190,lmccaughen59@about.com,uJzxuIOY,mwallice59,851 Quincy Pass,3998886622
191,rpethick5a@1688.com,jdgdbgpm,rnash5a,06 Marcy Lane,9694374682
192,bkohlert5b@ft.com,rE14HKst9FFc,kbain5b,17615 Namekagon Parkway,4559620385
193,lcreenan5c@mlb.com,DpdQCiAbdB,spether5c,313 Northwestern Crossing,5335868107
194,lquinnell5d@reuters.com,jaMpSAV,chenriksson5d,54522 Merry Place,6408541671
195,nbea5e@usa.gov,fOOIMxEaBbr,epargetter5e,834 Meadow Vale Trail,8993054600
196,jantonias5f@51.la,KFuhykd,gbiddleston5f,2 Vermont Circle,4559620385
197,erenault5g@pbs.org,btfsmZnxIY7Y,vgerok5g,10 Lake View Avenue,5226640486
198,nlough5h@biblegateway.com,U6YKuuLrEVM,ubasilotta5h,8 Kennedy Hill,6362261797
199,chyne5i@surveymonkey.com,r9UGhqG10zk,slindenblatt5i,1461 Maple Avenue,4559620385
200,wdavsley5j@yellowbook.com,lZZojF,gposse5j,99 Colorado Pass,1839086314
201,bbisson5k@elegantthemes.com,zYkEjFJ,mveasey5k,77343 Lakewood Gardens Terrace,4559620385
202,hdunniom5l@zimbio.com,JLQijjULL,dbingell5l,10 Lake View Avenue,3981513878
203,khamley5m@mediafire.com,6c3dWx41f,gvanbaaren5m,32195 Mesta Way,4559620385
204,adebernardi5n@china.com.cn,jib2oRLY,gwiszniewski5n,70 7th Center,6716295422
205,chagyard5o@google.com.br,63jWnYyqLKPc,ostroobant5o,66 Moulton Parkway,3573317758
206,espadari5p@tinyurl.com,cG994Rrpv,bperrigo5p,04024 Merrick Lane,2586436433
207,lmolian5q@princeton.edu,nOZvR1Y8cT,aweth5q,18 Elgar Pass,7958736363
208,vguitel5r@barnesandnoble.com,uliYLp4,fpaunton5r,37829 Graceland Way,8212627046
209,nendacott5s@so-net.ne.jp,iuVJG818,grubra5s,165 Bellgrove Terrace,1847536283
210,hmacrury5t@list-manage.com,wQei8C9tf,cpursehouse5t,43447 Hoard Park,5383556203
211,rdwane5u@ebay.com,wxiU5SAtt,hdolden5u,3566 Paget Pass,1073728058
212,lmccome5v@nyu.edu,9LdMH2FP5UN,mrodliff5v,1 Jana Plaza,4559620385
213,cthorn5w@engadget.com,LqNkyGKsBX,rcreak5w,86529 Harper Road,2064774061
214,oplait5x@nature.com,Ew4mswk,mbradborne5x,49660 Toban Parkway,1847536283
215,gkassidy5y@github.com,a1MyqjTzMW,fbattman5y,77343 Lakewood Gardens Terrace,1897192411
216,kstebles5z@soup.io,6mqwmyn,mcheers5z,6 Dapin Court,8546308169
217,ocescon60@uiuc.edu,0gzCVp1Mbph,skennerley60,9 Dovetail Plaza,4575779653
218,tscandrite61@yellowpages.com,passw0rd1!,cdorber61,8 Pearson Junction,7824393888
219,omccloughlin62@dyndns.org,kviMvL7,tpedrozzi62,8 Nevada Crossing,6765555784
220,mchasney63@walmart.com,eW4DdJuBT3wy,rswinnerton63,67 Ryan Alley,8584106403
221,dplak64@theatlantic.com,rdntK8C,mleslie64,77343 Lakewood Gardens Terrace,1288590636
222,lredholes65@usatoday.com,8IRSDAS,mdilworth65,9 Little Fleur Way,7719225522
223,dtaffrey66@tamu.edu,esUunXUkrS,emayoh66,369 Arrowood Street,1847536283
224,lpalffy67@europa.eu,S4xGZJYmU,econibere67,13035 Dayton Pass,7622942283
225,gmccluskey68@google.es,lUUQjg8g,umcdougle68,7 Mandrake Terrace,1847536283
226,cstannus69@google.ca,ryUZSHJMYZWp,chuxley69,71104 Eagle Crest Place,7964671684
227,mmorfell6a@google.es,qwerty1234,jmcaline6a,60 Forest Run Street,1847536283
228,lfitzgibbon6b@fotki.com,1K251sa,jhuffa6b,206 1st Plaza,2775379247
229,csellar6c@bizjournals.com,WMCsVreQIs,beicke6c,62488 Gulseth Drive,6515376300
230,bbrimmell6d@technorati.com,Password1..,cmoors6d,91 Dayton Parkway,1882140934
231,xhudson6e@tumblr.com,qwerty1234,vkivelhan6e,5122 Granby Point,8711243024
232,dkeaton6f@usda.gov,Io4TVvYr6z,avouls6f,6 Dapin Court,3596711237
233,cmellody6g@weibo.com,wAyr3kGMJxj,tisakowicz6g,6510 Commercial Plaza,4551989934
234,iconti6h@timesonline.co.uk,VdtWrv,icassie6h,40 Claremont Junction,2958712207
235,tstarcks6i@dmoz.org,vKiWZtCY0Ih,pbeckinsale6i,6 Dapin Court,4784833243
236,hwitherspoon6j@chron.com,tPb1qzA,bdurie6j,4195 Larry Center,1847536283
237,edemullett6k@nifty.com,T77otn,vjagiello6k,719 Hauk Street,1145142258
238,ecornilli6l@springer.com,B5vOmx8B,smeddows6l,385 Bunting Drive,2289270461
239,bedwinson6m@nature.com,sbmt6FYr,rhardwich6m,21998 Elmside Crossing,1119479516
240,aandreolli6n@diigo.com,Ro9Kwes,sbyron6n,8 Kinsman Court,9442928704
241,ericca6o@shareasale.com,O9s7oLR,pfiney6o,1 Pepper Wood Hill,4712833096
242,egaye6p@rambler.ru,passw0rd1!,vtidbold6p,235 Namekagon Park,6573126422
243,tgarmey6q@marketwatch.com,pLhgSqfIq,bparnham6q,7 Fair Oaks Lane,4898697778
244,bshearme6r@noaa.gov,ecZMb0dh6x,emylan6r,52 Little Fleur Junction,3486190961
245,cblyth6s@bloglines.com,passw0rd1!,rshord6s,94 Shopko Trail,3663497191
246,vreddick6t@java.com,XFP2qFh6d,blodeke6t,21998 Elmside Crossing,7375854523
247,cmacevilly6u@nyu.edu,WLLoscnq,npeedell6u,520 Dawn Hill,7384321412
248,mschrinel6v@mozilla.org,piEVQyIcE6,eowain6v,54 Havey Terrace,5855949315
249,wfranzolini6w@abc.net.au,dXe2w3RO6,tbrazenor6w,68 Vermont Trail,8344582256
250,tgowrie6x@free.fr,cbRfC3fGeHC2,awhatford6x,4824 Vera Court,8658280891
251,astower6y@google.com,itL0AHbfdC,abricknell6y,78349 Barby Circle,9221330387
252,eabbotson6z@about.com,h6cyVz7TOQqS,acalafato6z,21998 Elmside Crossing,6256409999
253,ijerwood70@4shared.com,LJ518KaP,blangmaid70,1273 Mayer Terrace,3903882464
254,nalldridge71@sakura.ne.jp,mT7mrv8tM,avidgen71,8 Evergreen Court,1911221879
255,fthraves72@cpanel.net,DYCs67o5,prennie72,763 Blaine Court,2575686094
256,mrobjant73@bbc.co.uk,5fo4gUmVCp1,jpack73,0356 Grover Road,4939370830
257,rkassidy74@cnn.com,VFZtF6v6D6z,kbean74,2628 Doe Crossing Circle,9837498765
258,fpimer75@blogs.com,up8CP3VCJ2,mpaik75,03 Schurz Parkway,4311538784
259,ypealing76@fema.gov,zOlb0kdNh,tjizhaki76,5704 Cambridge Avenue,3377758729
260,ltabard77@geocities.jp,P55R2rBT,lasp77,13816 Service Junction,3316245655
261,keveral78@g.co,aMZiJM9R,gpetasch78,9697 Carioca Pass,6006259750
262,jmacpaden79@goo.gl,c9aPDqIsMYx,ggratton79,37395 Green Ridge Plaza,3941374917
263,dtythacott7a@dyndns.org,XnmU16kw,bpollastro7a,0 Forster Street,6841092001
264,cbette7b@delicious.com,rBRlxBTca,cranaghan7b,953 Rieder Hill,8381900887
265,hcamili7c@sourceforge.net,IwFD2S,mchanders7c,9968 Kenwood Park,8711243024
266,vgammons7d@guardian.co.uk,ELNpsgvwXb,leayres7d,6 Dottie Way,1804271173
267,mdavitashvili7e@cnn.com,Zrtrgy,gkleuer7e,65058 Ilene Park,4635749365
268,abanishevitz7f@apple.com,ypeGEVn,zcohan7f,208 Sauthoff Place,5511882737
269,nfabbri7g@google.nl,keywf0P,asambals7g,456 Carey Park,2091696878
270,yhallex7h@icio.us,fnU4z9D,sarmin7h,1365 Mcguire Parkway,9666665112
271,cdoick7i@google.com.br,kqasz8ap,dbowering7i,9 Westerfield Center,2262772087
272,hmalshinger7j@ed.gov,fiDUHVmGN,ndwire7j,36 John Wall Lane,8037079805
273,ssenescall7k@netlog.com,ZUzKjHRzgeA,scowton7k,2 Superior Road,9749644196
274,mduiged7l@cdbaby.com,WT79dAOO,tguise7l,1775 Thierer Road,5537196070
275,agreenhowe7m@state.tx.us,eDQ8HWM,gsouthorn7m,127 Carpenter Junction,9519608853
276,rgullivan7n@google.fr,zgdybT2bWoPS,becob7n,1031 Comanche Hill,1976884931
277,sgaffon7o@wikimedia.org,WozCca3,kcready7o,9 Westerfield Center,4184122071
278,ablazynski7p@mediafire.com,UnEHcutN,rrudledge7p,8 Eagle Crest Plaza,8274832792
279,sadriani7q@so-net.ne.jp,HmzPJVug3pIy,bdikle7q,56871 Charing Cross Lane,3102180295
280,gsprott7r@wsj.com,Zy7l07pSCP,nbegin7r,1 Colorado Circle,6575376738
281,mdahl7s@wikimedia.org,qwerty1234,wblanch7s,442 Warrior Trail,5615179726
282,pdungey7t@washington.edu,passw0rd1!,asiccombe7t,9 Westerfield Center,5697993454
283,slohering7u@webeden.co.uk,h3ZUBVDud,abolderoe7u,77 Cordelia Center,4121515070
284,couchterlony7v@nytimes.com,vHTO7nrNgyp,swillmer7v,947 Miller Crossing,3335555646
285,cpoundsford4x@shop-pro.jp,KM5zssSW,cmyrick7w,5 Forest Run Way,1694174238
286,rmerrydew7x@networkadvertising.org,qwerty1234,emccloughlin7x,226 Hayes Hill,1708358837
287,cpecey7y@typepad.com,0WNkvs8I8,flangsdon7y,1355 Quincy Terrace,9717466855
288,cblackboro7z@ezinearticles.com,nmE5ZG,gblakelock7z,4496 Mcguire Avenue,8175545012
289,nmarkwelley80@usatoday.com,VYpcXSX,mlewson80,304 Killdeer Road,2485727189
290,alowis81@sciencedaily.com,JGfnhFNZufB,mswidenbank81,495 Paget Crossing,4233888077
291,rwesthofer82@bing.com,s95UVjjQS,slocard82,3469 Coleman Junction,9343169025
292,isang83@usgs.gov,1zbefGayilN9,jpetrolli83,28 Becker Court,3318889277
293,dlecordier84@cpanel.net,SNUSIV,dhirtz84,66 Maryland Trail,3353650557
294,djeanel85@cisco.com,IgJpatt,jmcclure85,19734 Mcguire Court,8711243024
295,mrottcher86@rambler.ru,tAIHeMqyz,rjuett86,38634 Jenna Crossing,8527822432
296,aburless87@sciencedaily.com,RSQLV4XH,ibarthrup87,00559 Erie Pass,9373972051
297,arodwell88@acquirethisname.com,3ZaWMpuyt,bong88,69735 Coleman Pass,4728956187
298,gbatterbee89@unblog.fr,IYdbYfkQzf,aloseby89,11001 Mariners Cove Court,2753915014
299,rschimoni8a@creativecommons.org,iyvquPawCBfL,hbendell8a,05759 Eastlawn Parkway,3404215399
300,fkerans8b@hexun.com,aAW2M0,odunwoody8b,56346 Cherokee Way,8825534251
301,ldenington8c@over-blog.com,9yYN24z6ByJm,opreston8c,986 Merry Avenue,4294552898
302,zbastistini8d@tripod.com,dlwtgfM,ptarrant8d,6349 Stoughton Pass,8612275526
303,hcouldwell8e@g.co,9rWJbA855,ejephson8e,323 Cardinal Terrace,4623191908
304,tshrieve8f@google.cn,T5KQIMxug11c,bshillum8f,8729 Autumn Leaf Alley,2929470635
305,dparnall8g@hexun.com,n12LoKpp,btapley8g,80860 Hollow Ridge Plaza,1536512844
306,ejaggli8h@umn.edu,R5UhI6a,rguierre8h,94542 1st Circle,7479225323
307,hsouthey8i@marriott.com,passw0rd1!,awharton8i,8 Fuller Plaza,5479847830
308,ambarron8j@nymag.com,DzmFeaYZA,qtomaselli8j,8576 Trailsway Drive,9731607103
309,lspellacy8k@freewebs.com,hsuzJSaZO7cN,sbeney8k,7 Clarendon Point,4899646189
310,jmedeway8l@mac.com,passw0rd1!,ppobjoy8l,361 Bluestem Alley,4042511654
311,ehayselden8m@canalblog.com,U9RIu3CIR61,ahernik8m,61970 Rigney Alley,7223090506
312,sscullard8n@wired.com,ofYkTwD9l,dskyppe8n,77843 Utah Junction,3325889621
313,lheight8o@ovh.net,nx9HTZrGF,hsergean8o,323 Cardinal Terrace,1344492782
314,bmil8p@apple.com,kWghpjrHBtMC,mrevie8p,21696 Eastwood Alley,1125479666
315,aiggalden8q@instagram.com,qJsJAi,tdornan8q,7 Menomonie Plaza,6834421478
316,kswede8r@hubpages.com,pCs8WEpcKV,dlorraine8r,13325 Maywood Center,7476803433
317,ewaghorne8s@auda.org.au,t5pv8rt5J,dboath8s,8 Ridgeview Crossing,8764190443
318,pcrossley8t@oaic.gov.au,IHhVN0,ccovet8t,91 Eastwood Street,7378012770
319,jkahane8u@storify.com,fUdGMA6,tleate8u,7475 Mandrake Place,6367764251
320,qbrunn8v@wunderground.com,KpqHzUlBSb,jlambis8v,323 Cardinal Terrace,4945136766
321,pgratton8w@foxnews.com,uSowlUJg,sbrecher8w,25622 Nevada Street,6182181277
322,jferie8x@meetup.com,rq7zdc5iJv01,hreddings8x,1625 Del Sol Plaza,1432152919
323,wbrownsill8y@dion.ne.jp,YtGybiHqP,tambler8y,1026 Basil Place,9573237113
324,meberz8z@uol.com.br,CH9QuT4WSup,bcroad8z,53 Pine View Trail,6637427046
325,smaccoll90@angelfire.com,passw0rd1!,aduchasteau90,11810 Columbus Parkway,4248990508
326,pbulluck91@ftc.gov,PSxDPnyF,bdulen91,45 Little Fleur Terrace,4244263141
327,vfarney92@hostgator.com,6VJrSoE,gourry92,6468 Grasskamp Point,6979552006
328,ctolefree93@discovery.com,vYOv1N1awx,pblethin93,86214 Hoffman Park,2228910707
329,rcraigs94@alexa.com,74ERwA9AX,ogreatex94,1 Red Cloud Street,9042153447
330,gbrake95@imageshack.us,2YGb1ZALR20,mkwietak95,05 Stoughton Way,6334987683
331,djessup96@123-reg.co.uk,eIpyyHINlhv,amuggeridge96,5300 Orin Lane,6322463588
332,rmecco97@jalbum.net,4jzqRcXMv,eagass97,6 East Parkway,5337082915
333,sbarrott98@slate.com,KcnyDEHjp,hrattry98,5 Pawling Parkway,9457194513
334,cpogosian99@forbes.com,Gh2xMPBD,jstoodale99,53 Pine View Trail,8711243024
335,datherton9a@theguardian.com,qwerty1234,tlermit9a,5 Grasskamp Terrace,2098985216
336,aphilippson9b@vimeo.com,rvJ5RZR1Xb,lalenichev9b,229 East Place,3944705274
337,sgregoratti9c@mayoclinic.com,iPLoFj6CR,lchern9c,05027 Elka Street,8533987733
338,lcallingham9d@digg.com,crjdvyDrlUTc,mjacob9d,71159 Katie Trail,9544607458
339,mlinacre9e@about.me,caLSfCK4K,mcocozza9e,53 Pine View Trail,9093978685
340,kattawell9f@dropbox.com,oJWmWLmv,rshere9f,87 Dorton Junction,5049444706
341,asprowles9g@cam.ac.uk,gjTO7SzhM3,checkney9g,73814 Sage Trail,3005360618
342,sstrass9h@phoca.cz,hgI18Q,rjaggli9h,0403 Homewood Trail,4523117794
343,etie9i@stumbleupon.com,dvtoVHs,lbowbrick9i,85051 Heath Plaza,4764230254
344,adayborne9j@wp.com,mQr96n0Od,mpfeiffer9j,659 Dahle Point,5521275720
345,aacomb9k@4shared.com,SZ7WLdyBkg,ciohananof9k,0 Village Green Street,6636262523
346,bgartin9l@nyu.edu,HclpSASZtMR,astollsteiner9l,2 Summerview Road,8154293498
347,acathesyed9m@comsenz.com,0u2N4BI,sguwer9m,99371 Northwestern Pass,1648407811
348,fstoile9n@berkeley.edu,6aNzk5erw,rcradoc9n,661 Maywood Lane,5734966419
349,cgrimston9o@paginegialle.it,qwerty1234,sshovelin9o,62 International Alley,4516472487
350,ophilcott9p@e-recht24.de,ncJNcskEcj,edaouse9p,52 Manufacturers Alley,7748432216
351,dhanby9q@posterous.com,XCqBls0,hgosart9q,010 Troy Parkway,7783654521
352,jyanin9r@elegantthemes.com,PEUyngm,ahavesides9r,8 Delaware Hill,4943852709
353,fhempshall9s@cnet.com,Ewap4mkelg,djanicek9s,4937 Melrose Drive,8732750134
354,sjuszczyk9t@plala.or.jp,wCo7J06t7,jcaldera9t,9633 Bonner Lane,1376685120
355,lkrause9u@dedecms.com,V88RXQ,saxtonne9u,20 Pierstorff Hill,1131529886
356,beixenberger9v@smh.com.au,grDglJZz,fyearsley9v,09 Kensington Plaza,5971147211
357,gromanin9w@cornell.edu,AGLk7jiks3,galeksahkin9w,9 Browning Center,4539752206
358,bsimcock9x@pinterest.com,sAVCsI,dilyasov9x,3 Charing Cross Plaza,1967095720
359,jguilford9y@tmall.com,tHHF21lgCVZ,flosbie9y,38127 Memorial Place,2151649033
360,mlautie9z@state.gov,9hDPXC,sthaine9z,083 Farmco Circle,8948951075
361,ctyghta0@discuz.net,dPMi3uq0HgZt,zjeffcoatea0,3581 Lake View Way,5116143816
362,alaughnana1@amazonaws.com,CmtUJGK7nu,gkilmistera1,60468 Dixon Park,3346083517
363,cbosomwortha2@imgur.com,passw0rd1!,pbohina2,36668 Katie Lane,4275732636
364,fvandenbroeka3@reference.com,rM9E7Ym4ZQoK,jrollinga3,8 Delaware Hill,2226289966
365,dfarnona4@cbslocal.com,ezw03Y30hEZ0,rswinbournea4,0967 Moland Way,8397239369
366,sheiniga5@issuu.com,Mw2fglYnMu,wmagera5,62 Sullivan Drive,9781949415
367,dmactimpanya6@plala.or.jp,IjrLpXBLn7,lcasera6,8 Bashford Court,4208423359
368,hseacrofta7@illinois.edu,vLTZKFme2,mgroococka7,68 Prairieview Avenue,7711015665
369,ijoscelyna8@disqus.com,bY4FPJUq,mhoppnera8,8 Delaware Hill,9488402009
370,calpa9@dropbox.com,6jmPxMPH,alanhama9,35 Rusk Alley,6809447821
371,asheronaa@chicagotribune.com,8LZmu7UzC,ndadsonaa,061 Brickson Park Terrace,2556366662
372,cranyardab@wisc.edu,k5lT2kTnClhD,mpentycrossab,0656 Glacier Hill Avenue,4041458120
373,dkynochac@privacy.gov.au,z4wkJB9,sprobynac,8 Doe Crossing Place,7212233508
374,aadnead@people.com.cn,Iwi5p3Q3,akapiloffad,734 Hoard Place,5201256524
375,hhandmanae@youtu.be,xWeX7SnJeKjE,tphippae,375 Memorial Junction,7997968912
376,ddutchaf@studiopress.com,dldGZD7Cwlsd,hparysiakaf,29 North Junction,1023497368
377,eyellepag@army.mil,wkOT1C7LQ73,vnannoniag,3884 Village Place,8504674267
378,rcalderaah@fotki.com,passw0rd1!,tkobusah,5 Fallview Terrace,3393901502
379,icrouseai@fastcompany.com,Ggmck76S,zloveardai,4 Sycamore Drive,6193897661
380,csheildsaj@bloglines.com,hXoF4Xf,rhannisaj,6443 Dovetail Junction,9644970656
381,adaltonak@house.gov,dLmWSd,fboottonak,754 Grasskamp Point,9053963484
382,jdestoopal@google.cn,IDOGQwEUZi,cgleaderal,41 Bay Terrace,9039282726
383,tnelleram@wikia.com,MERdCbR,bsilburnam,90 New Castle Alley,8235552638
384,cselkirkan@google.nl,4ziuoYRf,agiddyan,53139 Blackbird Court,9418900963
385,zwillgressao@mediafire.com,ScYTLxtxX5Z,tmardenao,7 Cascade Crossing,7918977701
386,jshickleap@netlog.com,koOZX14,bfernierap,446 Bultman Junction,5152341730
387,akuschaaq@deliciousdays.com,kIlGfrVv537v,kdaudrayaq,221 Eagan Court,1568848486
388,amaypotherar@wordpress.com,n6kB2J2Rbt,mizaacar,3780 Bartillon Alley,5258133787
389,pbunceas@gov.uk,qwerty1234,rglaviasas,2197 Roth Road,6601777467
390,smansonat@marketwatch.com,sgea5aYDMP,arowthat,5 Saint Paul Terrace,5163007093
391,cdeambrosisau@sitemeter.com,hIuv4r2Bz,fleyfieldau,754 Grasskamp Point,1068239157
392,bkinningleyav@guardian.co.uk,uLSiRT9GVSow,trillettav,01 Bluestem Parkway,6453077075
393,aparadyceaw@weather.com,KLhD0duUV,cvandenboschaw,6901 Mandrake Court,7317265047
394,aguilaemax@examiner.com,yveRk2UF,blaurenceauax,737 Dakota Court,7438833254
395,ewadmoreay@1und1.de,Yaab5z,dfidoay,9 Buhler Place,9461770103
396,wmulqueenyaz@nationalgeographic.com,z4HXtczswm,zcasswellaz,79984 Birchwood Pass,9162481561
397,nbuzzab0@vimeo.com,PAGDhIkv,djorryb0,05 Lyons Alley,4275732636
398,atschierschb1@foxnews.com,1lQFcoatC,eharesb1,754 Grasskamp Point,2204837133
399,sfolbigeb2@java.com,qS6KmQ37vf,ttegellerb2,549 Crowley Park,7662314145
400,rmeechb3@prlog.org,Eh4UMC,cmctrustyb3,833 Dakota Lane,7009471882
401,qjerzakb4@clickbank.net,BRkYIFAaiU0C,rsayersb4,48 Division Parkway,5117050608
402,nkesbyb5@netscape.com,rAb1PuIX,tjakoubekb5,6 Talisman Junction,7737355286
403,cskimb6@parallels.com,9Nzqty,ncaddellb6,6481 South Drive,1429468277
404,fpamphilonb7@booking.com,passw0rd1!,ditzkovb7,37927 2nd Plaza,1014016547
405,ijosselsohnb8@flickr.com,gx62m3hxyBd,npoleykettb8,1548 Springs Way,7322412248
406,agiacovazzob9@pinterest.com,7LTPJEp6D,cmacklamb9,45518 Haas Pass,1124841705
407,ofetherstonhaughba@washington.edu,X0O868gVwSB,erorkeba,60554 Redwing Junction,9131636933
408,asmalcombebb@newyorker.com,r7U3zM0gw7d,mthickinsbb,15 Steensland Crossing,3151783734
409,tballaambc@ocn.ne.jp,6MGUGpomA7r,hchittleburghbc,454 School Terrace,8088773760
410,eluneybd@examiner.com,rcn2cSQnSeAZ,rstudeartbd,45660 Dwight Hill,8995815652
411,egaudenbe@nydailynews.com,CKwYzC,efownesbe,48 Division Parkway,1378064256
412,clambirdbf@mozilla.org,t2IbfvkQ,rswinglehurstbf,6681 North Trail,6776474607
413,rmecco97@jalbum.net,uNDhQNUlhWgF,amurtybg,4338 Northland Drive,3249979221
414,jrodenbh@geocities.jp,jlHRC7zQRiYC,jpadmorebh,01 Starling Place,2724887053
415,rbaldackbi@w3.org,K4MrTlDOh,kchitterbi,03994 Miller Drive,7363683689
416,mdachbj@ucla.edu,KZBf4bzH,agouchbj,6 Kensington Drive,6602352853
417,kmobberleybk@google.com.hk,bBIPa6dEcZbk,rpatingtonbk,48 Division Parkway,2455021252
418,beagerbl@jalbum.net,gMpuf4Ie4,jbarczewskibl,4 Grim Plaza,8837695913
419,nmakinbm@cocolog-nifty.com,dQcityfbK,ibaggerbm,006 Amoth Street,2247850586
420,vlesarrbn@wunderground.com,xHpZRySgAXu6,tmcghiebn,3240 Forest Way,6749896514
421,mtrattlesbo@abc.net.au,IbWvpdfzLgY,abothenbo,6 Carpenter Junction,1434949777
422,sloudyanbp@skyrock.com,HONY5ApQ11jG,ceustesbp,09682 Bashford Plaza,7241863134
423,jbansalbq@g.co,lqerYyk,yguillardbq,2325 Blaine Place,3588672863
424,esuttlebr@zdnet.com,cqn5q6d,lservantbr,5 Butternut Parkway,3851358904
425,awogdenbs@pen.io,ZAycQQ,ckellartbs,699 Granby Court,5201507798
426,dphelitbt@va.gov,0zDNXLE2,hmckerliebt,006 Amoth Street,1436136986
427,cbaitmanbu@si.edu,mkDTXtfFNe,rmurrishbu,464 Carpenter Drive,3961029151
428,mbrowettbv@w3.org,vZ5BxzZK,radrienbv,5 Rowland Parkway,3149797323
429,tgoodwillbw@cbc.ca,2NWeebqWu,cprobackbw,7 Paget Plaza,4158386123
430,gmotionbx@yandex.ru,5XKF0xJ,etemlettbx,232 Mockingbird Road,4254055150
431,barchanbaultby@istockphoto.com,K4vxtP,ghaytonby,528 Cherokee Alley,8467523333
432,clebangbz@ocn.ne.jp,AGeODbQsG0xi,kneamebz,006 Amoth Street,6396402115
433,jtweediec0@wufoo.com,passw0rd1!,swynessc0,16 Bartelt Terrace,4269574424
434,bmattschasc1@stanford.edu,HZHRaG,somandc1,03 Loeprich Junction,7744898513
435,lkelsowc2@free.fr,passw0rd1!,lvalentic2,9 Di Loreto Plaza,7195109454
436,rsilburnc3@google.co.jp,DfbqWj4,cegentanc3,29535 Messerschmidt Parkway,6186755820
437,nthirkettlec4@nih.gov,gcH6rfL1,dmixturec4,581 Scoville Park,8687672748
438,lleicesterc5@sohu.com,Dd69R1,kbeesonc5,59577 Butternut Center,2143626185
439,kpoulsonc6@merriam-webster.com,Bb3ROzXnN,lstoutc6,005 Atwood Park,4434988734
440,amoquinc7@blogspot.com,W0fdqWKP,rleggettc7,9246 Magdeline Court,2633570744
441,rcochetc8@yelp.com,UzMUsuoP,cpotteridgec8,52 Tennyson Alley,2375238087
442,jjosovichc9@list-manage.com,P8A1jB99El5c,icoitc9,3193 Warbler Drive,7496559090
443,hworsfoldca@amazon.com,TcnbqrVC,jmewtonca,2884 Gulseth Terrace,1139533839
444,aquinnellycb@nytimes.com,4nCF77TJ,kkinahancb,95 Melody Pass,5179100271
445,jstudcc@census.gov,qwerty1234,cferreacc,9246 Magdeline Court,1456263085
446,jscarffcd@addthis.com,CoQQiy7,ffiggcd,49429 Fisk Trail,7159617585
447,bduffetce@furl.net,0OBjd4tdmOXe,jollierce,1 Di Loreto Hill,5127770753
448,spergenscf@reuters.com,9aQvW4i,mkynastoncf,991 Starling Terrace,1576824175
449,rhargittcg@yahoo.co.jp,gSkxexva,dmunroecg,38221 Lyons Hill,4168914875
450,psprullch@tiny.cc,ka6TqY39n,skinninch,2 Blaine Street,3151236820
451,lmcaleeseci@fda.gov,NTHL6bA,jcurraoci,9246 Magdeline Court,2071479584
452,ksurgoodcj@elpais.com,4Cyv8xCC,pconellycj,30432 Carberry Center,3259541390
453,bcradduckck@usnews.com,nzFQPg,ngoodacreck,6590 Hollow Ridge Way,4966341438
454,ihenriecl@issuu.com,BzHHmmea,apethrickcl,9 Vermont Drive,5219883171
455,ihussetcm@blog.com,qqoQEf3dv,rselwaycm,4 Shoshone Lane,1436136986
456,ekelbermancn@vinaora.com,ADEVOLpCVae,sllewellycn,64179 Waywood Center,6855987110
457,mpidonco@devhub.com,qwerty1234,rpassyco,65603 Colorado Trail,7618621847
458,tjanikcp@vistaprint.com,Kn1cIIt,tpurbrickcp,2 Gateway Alley,1028069829
459,fkemmeycq@cnbc.com,RD5RiKx,lmartycq,6050 Graceland Street,7682274376
460,ritzkovwichcr@youku.com,wZNlGS,gblowescr,4 Mayfield Street,1244237139
461,evanhaeftencs@parallels.com,tCQmtje7,rdortoncs,225 Straubel Terrace,1751505596
462,cburchillct@rediff.com,uFgNCdw7wW,jgrassct,33 Evergreen Center,7674888323
463,rlistercu@jigsy.com,EmPEzodmq,twilflingercu,3798 Jenna Hill,4524039518
464,rleistcv@netscape.com,XY0D0vN,emasserelcv,903 Forster Park,4019717314
465,fclayfieldcw@geocities.jp,qewGgapH7D5P,bfoxleycw,35 Susan Drive,5565486815
466,cspillanecx@cbc.ca,ws8JkT5Wxfw,lserjeantsoncx,67702 Dottie Point,2272184132
467,lboyfieldcy@nyu.edu,dVovyCFkWgo,gkieranscy,68562 Golf Course Court,4047756444
468,rkestlecz@bandcamp.com,7fkUxdIKfzk,bhospitalcz,856 4th Way,1895187350
469,tarendsend0@marriott.com,hli0E87rG,ndabsd0,53354 Meadow Ridge Parkway,1413660826
470,lpentecostd1@guardian.co.uk,passw0rd1!,cdartnalld1,3682 Orin Crossing,8664860942
471,shellikesd2@hubpages.com,WtxVefEOgGd,spurryd2,89 Thackeray Plaza,8561779336
472,jdowneyd3@altervista.org,bfqsm8ZG1Ff,lyepiskovd3,356 Upham Center,5633591706
473,cmaddinond4@odnoklassniki.ru,HapMLdp8w,fpadillad4,8821 Schmedeman Junction,5976107710
474,dvonsalzbergd5@xing.com,4dqo9W1Zp1r,jwolledged5,83 Lakewood Gardens Center,4471569691
475,rnormavelld6@jiathis.com,P1azLn,tlippd6,4938 Farragut Way,2288188739
476,kreidied7@forbes.com,II7vgRaAR4,khousbeyd7,807 Melody Avenue,3382022014
477,epicd8@skype.com,jbJtgWz,cpriestnerd8,97 Holmberg Park,1245185835
478,aackermannd9@a8.net,XRMI4iioAc,lwreightd9,68562 Golf Course Court,3352073383
479,mcourceyda@live.com,vhXCrlWj,pmurtaghda,66 Vera Crossing,9603883865
480,jledsterdb@globo.com,aQGpYxG,braimbaulddb,14003 Holy Cross Way,2055213842
481,bwilsteaddc@mashable.com,yuLiOYebK,ekemberydc,489 Vermont Center,5522171911
482,athakedd@creativecommons.org,qOnZINusSwb,scrosbydd,23779 Mariners Cove Parkway,8156926078
483,kohairede@china.com.cn,q5VcnM,jlarsde,0400 Scoville Avenue,7727937272
484,acrowdsondf@tripadvisor.com,3K4udJJmoPc,mdudekdf,68562 Golf Course Court,9162327729
485,sgroartydg@intel.com,yJzkFFQ8m,mstpierredg,48582 Almo Junction,4775596712
486,amolfinodh@craigslist.org,zTJYL3qlK,tgilstondh,3345 Kings Parkway,7897074055
487,smordendi@theguardian.com,sRhfoJTDXIj,droccadi,3210 Jana Hill,6249802137
488,ebarcroftdj@pinterest.com,wKTLbnCBA,arolphdj,08 Grayhawk Street,2081880562
489,aaffleckdk@tinyurl.com,DncVM21KZ,phillumdk,6 Melvin Alley,6905360781
490,dcalvarddl@ed.gov,hfGgyFZdp,bstrongmandl,02 Nevada Hill,4012518640
491,vstallondm@bizjournals.com,q6m8pGG,dahernedm,37 Northwestern Pass,7955196860
492,laismandn@jalbum.net,pMn3g1DKC0cI,ckubaldn,1 Dunning Drive,6673119923
493,alarosado@squidoo.com,KkDoIqkE9GF,gmcduffydo,01 Hooker Center,6353931092
494,mhorsteaddp@vinaora.com,RWRrOfjXQW,mmckombdp,334 Glendale Road,3899057735
495,klifseydq@i2i.jp,6Rhd3e,dblancowedq,7845 Johnson Alley,4403575104
496,hlongeadr@rediff.com,5Sk1DE,jphettisdr,5124 Susan Parkway,7214620553
497,ihussetcm@blog.com,CooDiPZ5sQ,ehargroveds,522 Boyd Lane,8864176872
498,jspringdt@sciencedirect.com,SKZxlOaiVec,pkingsburydt,420 School Center,9819506045
499,vhalsteaddu@ebay.com,SxCHFrDv,gclutheramdu,878 Pond Center,2993258008
500,sprangledv@printfriendly.com,9DxLQjYwOd,odablindv,7217 Pepper Wood Junction,3769810497
501,astovelldw@ezinearticles.com,njbGStgJ,rcatondw,7742 Coleman Alley,8592846578
502,thorleydx@cyberchimps.com,6Rhd3e,cjeaffresondx,2 Bluejay Court,6708658633
503,ejellarddy@epa.gov,jUyoV4X3t,bcuppittdy,11356 Quincy Point,5597324503
504,cgalliedz@china.com.cn,cidvxabtR2F4,fjindradz,64 Swallow Junction,4777416834
505,acossanse0@sourceforge.net,passw0rd1!,fwrenne0,32 Weeping Birch Parkway,4234758605
506,dwawere1@dell.com,70vifWp,hdunkertone1,5124 Susan Parkway,7187175045
507,vlashame2@de.vu,Owf5rX55k,gstorkese2,79 Mayer Road,7766688894
508,pgarroode3@mail.ru,X1wQGW,rgunsone3,7338 Di Loreto Point,5828647412
509,gbaldonie4@webmd.com,uKfPzGLCr2h,msouleye4,4525 Mariners Cove Drive,8321660569
510,bjeckse5@google.com.hk,onxFKR3,stwintermane5,99573 Jenifer Circle,2483138548
511,ywhatleye6@amazon.co.uk,gmjg5XmEP9K,bgoodwinse6,5124 Susan Parkway,4876287679
512,lraubheime7@spiegel.de,Mngk6ZuX,ccocklande7,7 Merrick Terrace,3352073383
513,fswarbrigge8@unicef.org,tBJdcV,rcottelle8,65 Lien Lane,4029680207
514,ehurkette9@nps.gov,Hu2XFyRJB,cchansonnee9,72345 School Park,8501961779
515,hcockshuttea@microsoft.com,mPvZ1hUYZgZ,ghovardea,03980 Debra Circle,7521488978
516,bpieterickeb@epa.gov,nXSDWpm,cdwelleyeb,2 Bunker Hill Parkway,3845290105
517,cbogeyec@privacy.gov.au,oBPSflF,ddrewcliftonec,4 South Way,4978553976
518,iabramsed@gov.uk,tGk8kXI8E,bheardmaned,0 Fisk Drive,4758570785
519,dcarineee@virginia.edu,tKyyKfE2T6,kchanderee,77 Esker Hill,5889324717
520,ntwitteyef@forbes.com,LcPmgT,heglaiseef,69404 Kenwood Lane,9302206628
521,dgallehawkeg@msu.edu,K5T2UrT,cseckingtoneg,5 Northview Way,4341462813
522,weadeseh@4shared.com,passw0rd1!,ssnedkereh,9 Birchwood Alley,8068919605
523,loakeei@comcast.net,qwerty1234,cmansuerei,568 Forest Run Road,1264488363
524,lmityushinej@tamu.edu,rinLHJIJhjZL,apallentej,9986 Sommers Lane,6082988307
525,fturtonek@linkedin.com,SH4Vvi,lpithcockek,95848 2nd Center,8538357903
526,mjoiceel@indiegogo.com,bP05M1Iwqo7,dfurnessel,46275 Artisan Avenue,8179718829
527,wlorrowayem@dell.com,fnXgTTeddW,lhovieem,8 Nova Junction,7431998065
528,pinglesfielden@mysql.com,md9i5gs7u,oquadrioen,825 Alpine Circle,5352007793
529,telieteo@vinaora.com,D7x7rL,mstockingseo,322 Loeprich Drive,3324248131
530,jfawdrieep@earthlink.net,passw0rd1!,kscainep,78 Graceland Point,1288251392
531,tbratteneq@uol.com.br,8EqSpLr,iarraulteq,2 Sunfield Place,1679139125
532,dthonasoner@gmpg.org,o7fKO3rS1Fp,jlatuser,26 Reinke Plaza,2883661302
533,ppreddyes@google.com.br,GntnjdVw26,nlassellses,743 Hauk Lane,6963042563
534,cpereset@epa.gov,5sPnT5p,ohawksbyet,4934 Emmet Way,2523799411
535,yjagielskieu@flickr.com,WHH3GQ20AZv,gkopseu,2 Mccormick Alley,1856785529
536,mmcpeiceev@paypal.com,CooDiPZ5sQ,cizkoveskiev,46275 Artisan Avenue,8247722603
537,ktullochew@cnet.com,ubTaKfOtEM,nkeunekeew,3102 Killdeer Place,5105838188
538,scopsex@nih.gov,9g3yzDK,lblaisdaleex,66 Granby Alley,2957242816
539,javelingey@redcross.org,xApSF6em,cteissierey,34 Kipling Point,1139790603
540,kworldez@usatoday.com,md2S3zhxDnv2,hbrysonez,613 International Road,2536010551
541,lgittingf0@merriam-webster.com,pkunrl,scrowhurstf0,73 Fallview Lane,6193553858
542,ecallf1@behance.net,vptPFjse5s0K,jsilwoodf1,7 Meadow Vale Plaza,8614703046
543,swhenmanf2@smugmug.com,i5fH5SUs,clockhurstf2,46275 Artisan Avenue,6822391239
544,jflamentf3@geocities.jp,inKeu2x8,rdoghartief3,7 Karstens Alley,6015761262
545,tcouparf4@cbc.ca,JofyMho4O,jdomninf4,8352 Anzinger Circle,1323220017
546,sguiduzzif5@blinklist.com,xbWfeynJ8WUP,ngonthardf5,67 Monica Way,8612297848
547,lblondellf6@github.com,NEnuaEOCEs,egarvief6,9 Clemons Trail,2693627847
548,jrenekef7@indiegogo.com,Z6HBPzIGzBl,ehallahanf7,2657 American Ash Alley,5424800091
549,eromef8@macromedia.com,FY2mOa4heB,jattowf8,069 Shasta Trail,4961551428
550,cmarmionf9@sourceforge.net,OncXIfQE,cbrahmf9,0 Ryan Circle,3884759441
551,cbimrosefa@state.tx.us,SPvgUlF,rboverfa,6 Debs Drive,9873524830
552,mnewnsfb@sohu.com,SfPIisJC,kiacobassifb,988 Fallview Circle,3769098840
553,gpowefc@loc.gov,P4NK5Mq,tgiovannonifc,253 Crownhardt Street,6755777243
554,rgashfd@youku.com,NgqlMrFXYMe,alampreyfd,9 Clemons Trail,6239406316
555,cshillakerfe@netlog.com,cFEE9KVRE,iblagbroughfe,9567 Schiller Place,1684707432
556,srivelinff@apple.com,QQ68LgOEu,ckristiansenff,7 Vidon Center,8724119909
557,mcomfortfg@wordpress.com,fnu4tN46,relcoatfg,7460 Debra Lane,3233065769
558,bbalazsfh@apple.com,23RW304Lr4j,edoughteryfh,240 Florence Park,8408189422
559,travenshawfi@squidoo.com,N5fFBVMVI,kmarchenkofi,9 Clemons Trail,1074973420
560,ogittoesfj@addthis.com,0pHUkH1MYMYZ,cbloxhamfj,7 Mariners Cove Parkway,3366395918
561,arainsburyfk@zdnet.com,loHmYg,bvidgeonfk,73 Upham Street,4992552012
562,bkitneyfl@blogs.com,iMhVadbx,pleebeterfl,69285 Bowman Place,2576681510
563,avankeevfm@ocn.ne.jp,EJwjszVv,lchampfm,22354 Hanson Terrace,8924636408
564,crobottomfn@google.ca,yjAeMO,ubowesfn,6 Fairfield Park,9305929381
565,fdinwoodiefo@alexa.com,8DgYcxgp9ee,wthirskfo,8159 Spaight Avenue,5372886851
566,mneubiggingfp@wikipedia.org,wT1ysdP,rkamienfp,17724 Buena Vista Hill,5832772845
567,dschneidarfq@home.pl,Passywordy,dboottonfq,772 Oneill Road,3873889533
568,ctoozefr@hexun.com,GfpHe01S,hcolliverfr,4 Michigan Road,6611648616
569,bmulcasterfs@state.tx.us,49GIGAai,wcrossdalefs,388 Westport Avenue,2402771491
570,amurrigansft@ebay.com,8F1CwcmQQqK,adabnotft,702 Steensland Parkway,6193553858
571,mlehemannfu@discuz.net,VZqS3UHW,istronghillfu,1 Ilene Park,6621178738
572,skensetfv@mozilla.com,LSRo7tSL,amahadyfv,1 Heffernan Junction,1649724015
573,lcreminsfw@ocn.ne.jp,NOleLI,sflewittfw,79713 Redwing Lane,7824476335
574,smouncefx@miitbeian.gov.cn,RM9WWSwNH,mmccaghanfx,45338 Hermina Crossing,4621169995
575,srulffy@boston.com,T7ucAsJuw,gbulluckfy,083 Mariners Cove Point,9006437924
576,dmcneilliefz@forbes.com,ZE10cw8cstiR,srookwellfz,9 Green Ridge Plaza,1135694300
577,lbutterwickg0@slate.com,FugL8X5SLis,cbriseg0,320 Meadow Valley Pass,3778791814
578,tmcqueeng1@paypal.com,WQhjTu0o6JWz,gsmalesg1,854 Buena Vista Place,8245034793
579,lmethveng2@mashable.com,PA09dQGVEFGB,dmonumentg2,83260 Badeau Hill,6919828702
580,hwelbrockg3@bravesites.com,lvN507Qrv9H,elardeurg3,578 Muir Way,6209284593
581,nmuttong4@oaic.gov.au,et9trpcFE,akuzemkag4,915 Kings Lane,1616794297
582,hmoricang5@nasa.gov,Tj65VyJE,cchillingworthg5,786 Merrick Road,3724631811
583,fnanng6@51.la,LiResseAi,gvinceg6,3240 Brentwood Parkway,6075606567
584,ggarritg7@posterous.com,2QL7rp340,adesforgesg7,9 Green Ridge Plaza,5085581235
585,mlillymang8@oakley.com,DZvYHGCX,rmellenbyg8,4 Dixon Circle,4346159773
586,jnapierg9@bloglovin.com,hz1R80zduOH,phumphrysg9,71 Gale Pass,1634239430
587,lwybournega@weebly.com,c1YiERzq,gtamblingga,14 East Center,2025261087
588,esibarygb@addthis.com,NL7fMHy,ashellumgb,8 Butternut Circle,5741835297
589,nemblemgc@bravesites.com,mzE9BIUeNeIpassw0rd1!,tderrettgc,9 Debra Court,2132353180
590,msteptowegd@indiegogo.com,qwerty1234,sborrowgd,26 5th Trail,8109575235
591,lroughtge@arizona.edu,inKybxE43Nzx,dmastersonge,9 Green Ridge Plaza,9471849121
592,jcrudgingtongf@ftc.gov,Z0vJubWZb,rsoldigf,79827 Union Crossing,6353862303
593,jgyergg@army.mil,H0lR7IL,shampsongg,1 Rigney Plaza,6029832983
594,jyuryaevgh@blog.com,UNonJBWF,nszabogh,855 Commercial Place,7273053977
595,amottengi@blogs.com,DRmEQRYy4b,khowsdengi,9 Barby Circle,1374063830
596,callamgj@redcross.org,Z4AHeB,bcamplinggj,72436 Barby Court,6502184755
597,rlairdgk@exblog.jp,p0mp8xAA,swhannelgk,3008 Vermont Pass,7773662758
598,kpaddlegl@ed.gov,NKr4kw7v36D,cblundellgl,36 Loomis Crossing,3956936479
599,mdanieligm@g.co,passw0rd1!,cbiggingm,613 Old Gate Trail,6924770263
600,aclinegn@forbes.com,haF4r0dPGIy,rgrindleygn,3628 Pankratz Park,2232629696
601,dseakingsgo@nifty.com,passw0rd1!,lkingswoodgo,7 Mcguire Alley,1227422410
602,lhighwoodgp@furl.net,0Oi20G,bcloneygp,2 Schlimgen Road,1458975708
603,lscullardgq@un.org,zCmCKf,catackgq,8 Katie Drive,1034494344
604,dbeakgr@amazon.de,WsXojiSjb,wclaidengr,8714 Delladonna Point,9567579911
605,astylesgs@pen.io,s7OkpFWUWb,aventamgs,7612 Blackbird Place,1941624698
606,broebottomgt@studiopress.com,qGX9HWrsr,dhittergt,3008 Vermont Pass,5927478410
607,aphilippsongu@guardian.co.uk,5Mbl09cYKQnR,hgascoynegu,6241 Summer Ridge Way,3367363548
608,mwreffordgv@topsy.com,IPNdxpXfVe2n,ksawgv,1690 Norway Maple Park,6197686071
609,asimgw@tripadvisor.com,ckiAhJ0nZR,cbremmellgw,13 Elka Avenue,6069612634
610,syearngx@cisco.com,DWBJAOSsFIZ,ctumiltygx,97332 Barnett Road,6953352190
611,zkeoghanegy@census.gov,DV50Go44,acurdellgy,85 Cordelia Junction,5038738703
612,jsissegz@adobe.com,xPuTt6mhR,rklimaszewskigz,07019 Pond Plaza,8831728115
613,lmacgahyh0@weather.com,ORRrFIb,tvidyapinh0,57290 Grayhawk Drive,4187060709
614,rvalasekh1@scribd.com,0blrdPolAeI,flindellh1,698 Ramsey Park,6574029091
615,clathanh2@multiply.com,wrUc0ec,sashleeh2,9 Utah Pass,2109809984
616,dpidonh3@hhs.gov,Ird04PRSy7,bmckennah3,1366 Schlimgen Alley,6029832983
617,dfarrellh4@europa.eu,U11r2yx2l,sgillh4,3008 Vermont Pass,7277475510
618,froomesh5@blogs.com,tYTNDJarY,klougheidh5,30 Knutson Hill,4926298816
619,dmerigueth6@ted.com,XqBeolrC,sdanevh6,3 Mosinee Terrace,1342194839
620,estrodderh7@4shared.com,hamA79of2,ctripeh7,8510 Maple Wood Junction,3527183294
621,ashermeh8@cam.ac.uk,P8s8ykGVBPy5,amcpeiceh8,7 Glendale Way,3072711325
622,rmacnockaterh9@webs.com,OvIoHUt0bzjd,caslotth9,6 Red Cloud Point,3362806779
623,jtunmoreha@npr.org,5i3XZouyw9re,isheeringha,466 Manufacturers Plaza,9076583081
624,lguerrinhb@opensource.org,qBftqcLjICw,ccancotthb,7263 Troy Pass,4705114884
625,dfayrehc@amazon.de,tqIJBC,gwardshc,79 Lighthouse Bay Way,1814435784
626,ltorrisihd@gov.uk,t00fBfk,ablackhallhd,4856 Maple Wood Street,4694270643
627,wwigghe@imgur.com,sdLITbtm3r,bstuffinshe,8 Eagle Crest Court,9613629332
628,ihuxhamhf@i2i.jp,Q1GJoX8yI,iwroughtonhf,8183 Starling Hill,5126584980
629,crambauthg@hexun.com,MRxqOohLPJE,gcoombehg,9 Charing Cross Terrace,4188258550
630,ipoultonhh@yahoo.co.jp,jez30CjkJHL,mtargehh,75 Ruskin Lane,8249005014
631,sbackshallhi@nymag.com,KMUHmXErFb,otodhi,68128 Scoville Drive,7223446338
632,hlinklaterhj@chron.com,GQf1hDh1cVw9,brougheyhj,81704 Bobwhite Park,3423995384
633,amundowhk@china.com.cn,9dQxLwkTZI1,hmcmakinhk,8769 Rockefeller Alley,3846502008
634,ggumlyhl@vkontakte.ru,nk6PoM5VrQQ,mbrehathl,86 Hooker Center,3533147245
635,erugierohm@edublogs.org,nBTcQbT6Mf,joloughanehm,585 Sloan Center,3852783205
636,tmcmainshn@amazon.co.jp,fm2vtN,druddhn,4 Hoard Point,7077924509
637,jconnikieho@seesaa.net,WvYvQMamx,jbloisho,8183 Starling Hill,3926198594
638,cmcquiltyhp@sciencedirect.com,9rVs5waXd8,bneubigginghp,9665 Burrows Street,1767237723
639,lmethveng2@mashable.com,dUWRjh,obeardshq,98 Daystar Center,1266218050
640,cpersickehr@cbc.ca,s5mcvJteT,fcokelyhr,639 American Plaza,8805145266
641,drosellihs@godaddy.com,PmzOOYZf,jcarthewhs,1908 Anderson Lane,3081972477
642,rbuschht@qq.com,ZNQ5pz,kcookeht,8183 Starling Hill,7084685126
643,aconmanhu@economist.com,passw0rd1!,kturgoosehu,4 1st Court,8633249575
644,ddobbyhv@360.cn,BEaSR9IbxO,klinnyhv,37 Pankratz Avenue,1555401830
645,fablotthw@macromedia.com,liL0ZAM9VaBL,lkassmanhw,7 Del Sol Street,8271147225
646,nmeatcherhx@mit.edu,CHeQup,rtrevorrowhx,87 Debs Junction,4509799582
647,rleavesleyhy@networkadvertising.org,6ZEKjIxBZo,nparkehy,68268 Hermina Junction,5012601697
648,dcalderhz@studiopress.com,sTCGofqTBH,dwilliamshz,56 Columbus Lane,8077620058
649,gdedericki0@europa.eu,H6My4BhE,gmclenaghani0,74250 Mitchell Trail,5714320717
650,cgiraudati1@chronoengine.com,03bNbN0HzIXP,kmccathayi1,0 Manley Terrace,5837355150
651,grizzilloi2@usda.gov,GgPO18E,bcrafti2,4631 Mitchell Avenue,4614677678
652,kgodaini3@biblegateway.com,JXKsWQkjphf,dzapatai3,926 Cottonwood Drive,5603545153
653,fpershousei4@nsw.gov.au,fcJ55dZyYkkw,cambrosolii4,9 Summer Ridge Hill,4881399135
654,smoraledai5@cargocollective.com,A2OEvo,mpallasi5,0220 Dryden Trail,2998514179
655,edirobertoi6@berkeley.edu,8DgYcxgp9ee,kdewdneyi6,87 Debs Junction,4171004008
656,fsafferi7@time.com,4P63f8po,mevei7,5100 Grasskamp Court,6622299208
657,lshegogjb@linkedin.com,8DgYcxgp9ee,amucklestonei8,94 Mallory Circle,5394110752
658,epentlowi9@scribd.com,YXVoR0x,kransleyi9,168 Northport Plaza,9945959334
659,rmehewia@webeden.co.uk,h9n9LMET1xa,rlindelofia,136 School Hill,5918631640
660,kwarykib@si.edu,XhqcU7Ib9gW,ebrookingib,880 Heffernan Road,9147554270
661,swhitehornic@auda.org.au,4JDHc13y,ocallingtonic,87 Debs Junction,8567347870
662,imatushenkoid@epa.gov,8DgYcxgp9ee,cbavesterid,23 Mccormick Road,7128974950
663,abracciie@hhs.gov,EQexlmJ8A,cgodwynie,07 Fuller Park,7145820713
664,dclardgeif@japanpost.jp,up7H6t0v,acoxwellif,1 International Road,5207917237
665,mstenerig@e-recht24.de,6bkCNxT,lmccorkindaleig,49 Veith Street,9347084491
666,dgoldfinchih@github.io,Passywordy,lmapletoftih,745 Declaration Court,7155656812
667,pcoareii@pbs.org,ljASKJxh0D,cweitzelii,46 Duke Parkway,3536213148
668,twallasij@liveinternet.ru,73x0b6nrHbfP,thenrychij,7 Pawling Trail,3223196063
669,sgergherik@123-reg.co.uk,k8XUvXi1,shewsonik,8300 Eagan Point,1762379557
670,dtullettil@auda.org.au,WEBmZeSEtE,dkeenlaysideil,71 Swallow Circle,7414420428
671,jbusseim@zimbio.com,qwerty1234,acrofthwaiteim,1 International Road,1405437603
672,mclemmettin@facebook.com,IjuVwDVDWw,mdunstallin,536 Express Park,9944222808
673,gsatchellio@harvard.edu,2IjpINVA,dkennermannio,78 Meadow Ridge Way,5423019660
674,karonovichip@weibo.com,Z0yP6PE8J3,dterbruggeip,1 International Road,8271147225
675,gbonelleiq@sciencedaily.com,kWmnPti5VjY,grickardiq,9 Arizona Park,4878543841
676,dpoyntzir@google.com.au,fXwFWwzWnB,grawcliffir,84 Corben Place,5634801728
677,epetracchiis@dion.ne.jp,TxZ31yF3,tstambridgeis,3802 Waubesa Lane,3126866193
678,lgosnellit@posterous.com,ELyaouS,cpatronoit,9057 Mesta Terrace,8145627248
679,ethrippiu@instagram.com,aSqjziEWu0,kfersoniu,967 Sage Avenue,8507579778
680,bsleemaniv@yellowpages.com,ODwtrEp,tewestaceiv,734 Beilfuss Hill,7932790597
681,hwaytiw@miitbeian.gov.cn,BFa2vhEP0B,vgotiw,1 Thierer Pass,3478076532
682,yibanix@apple.com,rrlhAnhUxrV,abroselix,505 Oriole Circle,1034765591
683,lmethveng2@mashable.com,pqyvgV,wcalbratheiy,773 Summer Ridge Court,1299800301
684,rlawlingiz@domainmarket.com,G1N799bD,rmckeaveneyiz,5724 Dexter Place,9741436901
685,omatkinj0@netscape.com,ogXch062,mwalshamj0,428 Rutledge Plaza,5714389847
686,mguerryj1@washington.edu,oEwWAoz3HY,ygawkrogej1,21 Carioca Park,6716565808
687,kstolzej2@phoca.cz,KS6TJen,fmacquarriej2,497 Killdeer Park,1502665749
688,cbentonj3@mail.ru,vvBy7kgl,bfaintj3,96 Anthes Junction,2682354567
689,kelletsonj4@stumbleupon.com,3XnVc7Jk,jblaasej4,0 Goodland Center,3372055234
690,lcudbyj5@google.pl,Dtxmn93Aw9,njostj5,18 Waubesa Pass,4525016528
691,slorentj6@skyrock.com,iLBHMjw0,gkunj6,704 Boyd Terrace,6369914765
692,vsudronj7@dyndns.org,Mv5WwDvZDF8,aaronsj7,396 Union Circle,6625218006
693,novenj8@sogou.com,TUQqBvyfK2Yx,oabadej8,97 Hagan Crossing,5034419406
694,mmayfieldj9@statcounter.com,vFn3Ump3J,wcumbersj9,98 Burning Wood Center,7438842792
695,rhaythorneja@liveinternet.ru,4C93Ujci,ecowchaja,39484 Lyons Way,8689726348
696,lshegogjb@linkedin.com,X2nAorfV,xconnockjb,0 Old Shore Trail,3611121320
697,aprescotjc@nasa.gov,rtdkTDNPBCRR,wissacofjc,36 Ilene Center,2455439843
698,bgreavejd@nationalgeographic.com,passw0rd1!,oshaddockjd,09 Stoughton Parkway,6631338463
699,hsantryje@google.de,WANIQH,rransfieldje,5 Bartelt Way,4187967212
700,cportigalljf@com.com,gEDMglR1,nwildishjf,23278 Toban Point,2002238371
701,fsagersonjg@4shared.com,H2RbtO,htumeltyjg,48454 Derek Street,2283068061
702,glindelofjh@harvard.edu,w9wXJj3Q7,scalverleyjh,2 Pond Road,8571154613
703,nmaiseyji@cpanel.net,WogDF2F5ZTv,lmarcomeji,80 Sugar Junction,5689101976
704,mbentzjj@un.org,hIEfu3MzEedW,tbaxstarejj,02620 Lake View Avenue,9107197020
705,cfurzeyjk@123-reg.co.uk,passw0rd1!,wloitertonjk,39484 Lyons Way,9718374857
706,abillettjl@webeden.co.uk,4YwFnYF,nmurgatroydjl,078 Maryland Hill,6077986690
707,ncurtonjm@privacy.gov.au,61sZFpkteP,lwickmannjm,74 Ruskin Avenue,2668669915
708,dcrowjn@sogou.com,66tmzXqTi,cbarrimjn,0 Schiller Park,3593547317
709,dmoseyjo@google.ca,D3Bndh61q7v,ftrippjo,0157 Transport Junction,5994218289
710,scicerojp@godaddy.com,passw0rd1!,bmcgrortyjp,0 Old Shore Court,2063679554
711,mrudejq@feedburner.com,I9pEInHOt0,mleattjq,39484 Lyons Way,8922693716
712,abroadnickejr@163.com,joFhaT2,pkobpaljr,476 Oakridge Center,1459213256
713,vbrazenorjs@cargocollective.com,O1he0Rek,craffonjs,591 Elgar Road,5026196068
714,sgrossjt@hibu.com,5FPVDrYPohD,crableaujt,1 Raven Hill,2691619868
715,rwillemanju@newsvine.com,1vYqDvg,jchittockju,4 Buhler Center,1759971522
716,ppoundsjv@google.ca,iBEMZs2o5E,cmorlingjv,83024 Chive Circle,6069554708
717,mdoakjw@bbc.co.uk,3a7JpNLO,lfarnelljw,7315 Helena Plaza,5805550707
718,lcashjx@epa.gov,6B6hcw6Q,fshambrookjx,41854 Doe Crossing Terrace,5726778291
719,bpackmanl1@sphinn.com,AN2D9o,lmckinnonjy,2008 Schurz Crossing,8039381176
720,glicciardojz@unblog.fr,9YHDCQEdY6nw,kmcmennumjz,04 Magdeline Junction,7807480445
721,scohalank0@whitehouse.gov,sbUW8PiD2P43,dseekingsk0,541 John Wall Street,9704292163
722,mstraughank1@ebay.com,5qRxX0EzGNFx,nscraggk1,98747 Anderson Plaza,1841861514
723,colliek2@dell.com,aClANz,hfontink2,3 Cambridge Center,7052394662
724,nniccollsk3@elpais.com,d8OmjuG,llaurencotk3,3 Novick Place,9528934880
725,soquirkk4@noaa.gov,a7DwXW27R,hkerk4,9 Buhler Park,2164760282
726,amellerk5@virginia.edu,ffzFi0bUv,rbeneditk5,646 Sachs Place,5733286221
727,llievesleyk6@homestead.com,1yh6be1RuG2i,mcrutk6,9 Village Green Street,2501886784
728,stallquistk7@diigo.com,jtsWURxkbi,flukockk7,6240 Meadow Vale Park,3103649062
729,fbaldwink8@nymag.com,pSpjJkgU,noliveirak8,2208 Warner Way,8466118404
730,lorrillk9@mlb.com,DLOt1D0Ldn2B,egoudak9,51 Hanover Point,8018895950
731,irubinekka@statcounter.com,RRIZCWzjw,mmurtka,1 Stang Circle,8787084431
732,gbaudinokb@tinypic.com,h67ckgC49TK,lemorkb,23018 Riverside Place,9961915258
733,mdimitrievkc@mtv.com,ELTul1,wvowdonkc,16863 Melody Park,2633533281
734,igobbetkd@ezinearticles.com,BJRgrVcm,lgiorgionekd,283 Miller Plaza,7581016975
735,hfealeyke@samsung.com,1hSJ48BhRH,wkundtke,1 Algoma Way,5989669827
736,wlinnykf@nyu.edu,gOesw5pmE,cjedryskf,646 Sachs Place,9677664394
737,tmcneakg@infoseek.co.jp,Wl6JMIedGEY2,mpreddykg,33 Luster Place,7285300095
738,pbiffenkh@toplist.cz,oliBlD,omapletoftkh,98 Nova Center,7108634651
739,nhiscokeki@wufoo.com,V5uTcJD2qH7,ccracoeki,9510 Scofield Parkway,6507058111
740,dcassidykj@state.tx.us,PFkZSvOT,bfitzackerleykj,11 International Park,7122545485
741,lzecchiniikk@yellowpages.com,EqcpE2kI,vreynoolldskk,6 Miller Court,3447490912
742,mmenchentonkl@vinaora.com,0RmMZ9O5YjTr,thabershawkl,646 Sachs Place,3593547317
743,hlydiattkm@dmoz.org,HkdjTWYlHmqf,bleanderkm,9 Linden Drive,9758807396
744,ganthiftlekn@discuz.net,sctBK50wC,heustanchkn,8250 Novick Lane,8001039833
745,mfairlambko@yandex.ru,X6wYnLp,atessymanko,6309 Birchwood Lane,3915558327
746,mfarfolomeevkp@last.fm,Bo9kIvunuqX,bkelshawkp,4 Morrow Alley,3272209406
747,gmollonkq@umn.edu,PglWuocEE,hstoffelkq,04 Pierstorff Parkway,6143104580
748,aortnerkr@elpais.com,3zUOA00TYZl,flidierthkr,19774 Quincy Plaza,7842112653
749,jbusstks@rediff.com,61yN4Rd,dsoreks,63355 Fulton Lane,1134054824
750,aflowerkt@ebay.com,BYgWYy6SAc,tsimonellikt,8999 West Pass,9333415332
751,alynthalku@cpanel.net,CKdH0YYt5W,cwillbrahamku,53193 Browning Plaza,5157267222
752,szavattierikv@weather.com,RVFVfamwv,gguillfordkv,6309 Birchwood Lane,4715803027
753,trousselkw@tamu.edu,BszoqwJD,ctzarkovkw,46 Corscot Junction,5664378074
754,jpatrykx@admin.ch,hdfxLWr,ejoseykx,82023 Portage Street,2702246334
755,ncooganky@gmpg.org,EhbWIcuTj,tfilimoreky,8820 Rockefeller Court,8195602042
756,rmacpadenkz@google.es,3PkMskD2ut9,gpettykz,7 Birchwood Terrace,8143996325
757,nnielsonl0@hc360.com,Passywordy,efassonl0,1 Elgar Plaza,6835139719
758,bpackmanl1@sphinn.com,SSpieGrh,rdikelinl1,827 Duke Park,2659765312
759,pgernerl2@biblegateway.com,q27C65Wx,hmacguffiel2,71491 Gerald Drive,6062003332
760,rbeharrelll3@xinhuanet.com,MyNojPC,jmawmanl3,6476 Arizona Lane,2508602037
761,emordel4@ebay.com,UkROPz8dHvUs,mmcgregorl4,6309 Birchwood Lane,7094845809
762,astertel5@dedecms.com,GF4REch,mmacalisterl5,62 Muir Parkway,8549594467
763,wargabritel6@stumbleupon.com,HgwLXzgf,aweldrakel6,6 Corben Center,6789832675
764,esalleryl7@sciencedirect.com,aFj1xCOwaiZ,dluthwoodl7,1822 6th Place,3267107949
765,kkhanl8@cornell.edu,passw0rd1!,jpinorl8,4 Bartelt Parkway,2172539147
766,fmayzesl9@amazon.co.uk,3eBb0WnSl,eswancockl9,3 Claremont Parkway,8309174207
767,iboulderla@earthlink.net,Gc3ZcWj,vadesla,69 Stephen Point,7963545229
768,jquartermanlb@china.com.cn,r85MRcLBhfc,jcustylb,3253 Raven Way,1042784660
769,mshrimptonelc@hostgator.com,1bSBtmxbv,lkeetchlc,07 Meadow Ridge Lane,3694482635
770,ckliemannld@upenn.edu,HQ0iiT,mcayleld,7521 Kedzie Lane,5888263958
771,gcurreenle@springer.com,JfKxdXh,nfergusonle,32855 Hoepker Hill,3593547317
772,felnerlf@google.nl,g2AUaAH5PRqh,aswannielf,738 Carpenter Street,7744246852
773,pabbelg@nsw.gov.au,WUzJsc,bphoenixlg,26314 Lakeland Point,3407809618
774,phawksworthlh@wsj.com,ErUOIW7Psxu6,studgelh,881 Summit Alley,1862813030
775,kgargettli@intel.com,bjk3KRjU,gbuckeli,517 Norway Maple Street,6204610827
776,bwalterslj@miibeian.gov.cn,0F3ePJTs,csansomlj,13 Upham Trail,3568799861
777,trumenslk@ovh.net,7ODP41,mgrundlk,17785 Brown Way,6906713992
778,rsmeesll@earthlink.net,isse2B8GCy,rslossll,48218 Grasskamp Junction,3112167914
779,bwehnerrlm@wikipedia.org,9qH9na,ctruittlm,15669 Clyde Gallagher Avenue,9101911834
780,hfealeyke@samsung.com,M7HaFGl,hcollingtonln,669 Red Cloud Avenue,1912732818
781,mwornerlo@vistaprint.com,nfhrBbkt,dschowenburglo,0241 Luster Hill,1352270587
782,cfirklp@ihg.com,fCaDdxFx,cbranwhitelp,1 Stone Corner Terrace,1238251395
783,criseamlq@wikia.com,5iSERkaHJ,jtannerlq,92 Fair Oaks Circle,9871027825
784,tnorthidgelr@yahoo.com,GhJA3AzJDdeW,kgreevelr,13 Upham Trail,1813521680
785,mkleinels@chronoengine.com,PWm65cPbUUcu,gerteltls,05 Westend Pass,8158472753
786,oaseeflt@reference.com,N8arXYKZzGfm,catterlt,959 Fordem Avenue,3552864346
787,blloydlu@about.me,qwerty1234,ctacelu,0115 Bartelt Park,2497012653
788,wcanlandlv@google.it,zm1yPobJZi,sjikyllslv,50 Surrey Pass,7175121443
789,bhookelw@sphinn.com,nkNAj73bcjRd,rcundelw,26623 Schurz Drive,4021014915
790,aithelllx@mashable.com,n1oudLcUD,mgouldebylx,577 Lunder Street,4418767791
791,pjoynerly@admin.ch,L79l0AY,lelcomely,56808 Badeau Parkway,6253160527
792,mmatuszewskimx@hhs.gov,sfPmj71N3UY,asturmlz,3541 Eggendart Alley,9887663019
793,mlejeunem0@jimdo.com,Wd6Emjuz,hsiveterm0,13 Upham Trail,9016259591
794,whughlinm1@purevolume.com,tcUjTm9,cperesm1,0 Lien Parkway,1076806719
795,hhunnicuttm2@mtv.com,BAS0obl50Fw,rdundinm2,0 Gale Street,2435615815
796,glearm3@e-recht24.de,nKpZv7yQX7m,ahobdenm3,2563 Village Green Road,4842642745
797,sboornem4@time.com,passw0rd1!,mbartolomeom4,849 Prairie Rose Hill,2026832364
798,abazellm5@behance.net,qwerty,efidlerm5,42487 Twin Pines Plaza,3669549393
799,fsowersbym6@mysql.com,9O4aH6Mu0FH,ctrevorm6,04 Lakewood Plaza,1137668382
800,sstoditm7@arizona.edu,ZXgoSHoroOy,awalpolem7,42367 Dapin Park,3593547317
801,kgrellism8@topsy.com,gRcRHNlMpm,pjolliem8,790 Dennis Point,5608687511
802,ivannim9@nsw.gov.au,YzqZK7,mgreenem9,5134 North Plaza,3957493435
803,tyurinovma@craigslist.org,xLFpQLMgaS,ccobbaldma,820 Northridge Park,9825702869
804,dbrownleemb@nature.com,evMX7r1Y,gaushermb,813 Golf Course Park,6155985596
805,lmortonmc@123-reg.co.uk,Nhl5Gu,rdargavelmc,1 Sunfield Street,6306614509
806,bchisholmemd@delicious.com,dInlFhvJp,apinchmd,6 Amoth Park,6622862222
807,hackwoodme@clickbank.net,hkC7bA0G,lbedfordme,6793 Steensland Park,2342083992
808,orubinshteinmf@utexas.edu,n9ZzNPEgWaHI,lwarcopmf,771 Almo Crossing,5351380830
809,aromansmg@oracle.com,NQGBCaTloL,bcorbinmg,849 Prairie Rose Hill,9519086570
810,brivelesmh@loc.gov,7tWpMEkQ,msneezemmh,75924 North Trail,8655137263
811,rwabeymi@artisteer.com,EDmbJu2h8,dsummersonmi,550 Sutteridge Alley,3558547158
812,sduguemj@hatena.ne.jp,4hqu0T,lbehningmj,8879 Norway Maple Point,7407229236
813,cbattissonmk@thetimes.co.uk,buNem2dXL,tormshawmk,067 Maryland Parkway,5057747987
814,yillemml@dmoz.org,Z1dBWfI9Jz,jkinigml,4 Hoffman Plaza,8727504063
815,mskuddermm@wikimedia.org,HYrBAlij2W,cmcclunaghanmm,1930 Anderson Point,6907983933
816,boneilemn@ameblo.jp,bzmQtsJGlF,cflearmn,78188 Hoepker Point,8845539692
817,nscarrottmo@mail.ru,wuy3cF,acordelmo,6241 Straubel Hill,3863890944
818,gmillicanmp@sourceforge.net,4A9EEH,fmacpakemp,2129 Huxley Trail,4681789299
819,mskallsmq@mac.com,passw0rd1!,nbacopmq,581 Lakewood Gardens Way,5277866219
820,hfealeyke@samsung.com,RsA6u1RU,efilippuccimr,4 Becker Point,4456056123
821,mgrittonms@newyorker.com,EpSLnWj5mHJ,wbollenms,849 Prairie Rose Hill,7267538316
822,sbarochmt@pcworld.com,EhbWIcuTj,scooppermt,5 Bluejay Drive,3745754370
823,tleavesmu@java.com,sU8gLz0sE,rgrassimu,56336 Montana Alley,3593547317
824,afillimoremv@reference.com,7A9cnVKov,scassimermv,81 Oakridge Street,7356608136
825,rbastenmw@who.int,nmFPgP9oN,miacovuccimw,735 Brickson Park Trail,4438034839
826,mmatuszewskimx@hhs.gov,c4OfFlvrPr,miannazzimx,54 Blue Bill Park Alley,2897497139
827,kschiesterlmy@linkedin.com,sqcqqara,tcampanamy,669 Clarendon Avenue,1346722099
828,kfransewichmz@prlog.org,jpui9WMyY3,bpinchonmz,48 Grayhawk Park,3672347842
829,jpennycockn0@comcast.net,1iIMgoG57uAX,bdysertn0,763 Sugar Hill,2419447454
830,ededantesien1@upenn.edu,Y4CjGQr,cbougheyn1,9 Sutherland Alley,7911588277
831,dmaliffen2@g.co,JOtrP9E,lblodgn2,77748 Sugar Circle,5715769117
832,ccalltonen3@berkeley.edu,L5xHia,wchampionn3,0095 Shoshone Hill,9295517194
833,bpinchinn4@usnews.com,NgjC6M6DH6Fg,rmorenan4,900 Anderson Court,2394805275
834,bcyseleyn5@kickstarter.com,6TIChAB6Qo9,jhastewelln5,1389 Macpherson Plaza,6101720025
835,kspeirsn6@ow.ly,rplJ7s7,shelsbyn6,056 Talisman Crossing,3495854185
836,escourgen7@fc2.com,1iIMgoG57uAX,abrambilln7,303 7th Junction,2859540051
837,lcawtheryn8@oaic.gov.au,y8vUq4o,akerseyn8,01 Chinook Point,3683978537
838,ljobbinsn9@kickstarter.com,fmgQ1o6,gferrigen9,9 Sutherland Alley,6479496054
839,fabbottsna@artisteer.com,wpklyN,nclyantna,09052 Holy Cross Crossing,5207939631
840,dthulbornnb@ucla.edu,w7W1VJ,bmuskernb,58 School Hill,3424324414
841,ksamudionc@state.gov,FV2bj7,ochubbnc,76512 Butternut Lane,3559325866
842,rfechniend@yellowbook.com,YU61DuuG,rslemmingnd,319 Lake View Lane,8836023675
843,ddeedesne@whitehouse.gov,qwerty1234,dbocklerne,39543 Crescent Oaks Alley,5198513737
844,jmurfettnf@bbb.org,Pjt4D4ptwl,jfarbracenf,19707 Mcbride Court,4547557229
845,ocrosonng@mashable.com,R3Czl6,lbraddng,9828 Jenifer Way,5704732278
846,dkieltynh@sbwire.com,2zJTxwTu55,mfahertynh,79 Corscot Street,3198374414
847,gvinceni@cornell.edu,0aNImjOWW4,ccamillini,85094 Leroy Junction,5726410191
848,malliottnj@vk.com,6WCyxDYb,ahingnj,67249 Scoville Alley,7018082773
849,ltoddre@ezinearticles.com,1mGeeBSl,gbeachamnk,603 Schiller Terrace,3729618185
850,eperonenl@google.pl,uf9ncpa,aredingtonnl,1 Oxford Point,1094024579
851,aeptonnm@mac.com,tB3QUE9fUa,sdakenm,97056 Graedel Crossing,4066739618
852,cryhorovichnn@hostgator.com,qwerty1234,lnewlandsnn,9 Sutherland Alley,3232175935
853,jdetheridgeno@addthis.com,C1meB6tvL9,emudieno,799 Ridgeway Center,2806938949
854,bredhillsnp@a8.net,afampvuIc,anaptinenp,04667 Grayhawk Avenue,8388691946
855,afookesnq@parallels.com,Gvkt4EgB,rvoasnq,64910 Straubel Hill,1954781431
856,rmothersolenr@fema.gov,1HKFtc0,kpiechniknr,43 Southridge Pass,1056949791
857,jmcbethns@live.com,akG8oK,dtreasurens,9644 Basil Way,3593547317
858,lkorfmannnt@clickbank.net,Do0fhQPv,eelkinnt,074 Randy Plaza,3483248977
859,khacardnu@springer.com,hdYc7Y1WG,cmulreannu,5634 Homewood Pass,4784907411
860,ablythnv@boston.com,HTDIiN,nhartrightnv,6827 Merchant Court,5278612198
861,egregorinw@trellian.com,025g2E4znt64,gbilbynw,14 Dennis Junction,8765411140
862,bpokernx@artisteer.com,UvdRA54f0q,gmoloneynx,9 Jackson Parkway,4829184246
863,lschofieldny@guardian.co.uk,itZ1OA7dWA8,slimrickny,9 Maple Avenue,8439241859
864,smcpeicenz@moonfruit.com,Xcx4GkQDXl,kcrumpnz,074 Randy Plaza,3757787183
865,lsinclaireo0@springer.com,Bz841T5f,bhollingsbeeo0,286 Maple Wood Alley,4853437857
866,hfealeyke@samsung.com,9MDXaF,kmishawo1,0 Oak Alley,4658791106
867,emaideno2@tripadvisor.com,Js0rt0Lp,dclissetto2,72 Dorton Point,2755470625
868,nnorvelo3@epa.gov,eHw5yMEGl37,wrosenbaumo3,48 Cardinal Road,7048124805
869,mplayhillo4@zdnet.com,UNrHGW,ndjorvico4,6926 Hollow Ridge Park,6632529088
870,hharbinsono5@bandcamp.com,a6E1Y1,gseameno5,56 Fremont Drive,7178129365
871,alygoeo6@cnbc.com,mANiSgX39na,efrowdo6,7 Manitowish Plaza,6587818535
872,dbauso7@163.com,LQFC88UDMs6d,bbelliardo7,074 Randy Plaza,8274232286
873,bsando8@biblegateway.com,ARG8OtGd,aclimero8,726 Ronald Regan Avenue,7616752540
874,epuddleo9@google.pl,mcuCNdBMlg,oalthamo9,63 Evergreen Circle,3905903449
875,wcopeoa@altervista.org,eyIqRkg7GSq,dskarmanoa,12817 Mayer Way,9166422142
876,mmildmottob@google.com,EhbWIcuTj,gsarginsonob,47749 Jana Terrace,1359775412
877,lsaulloc@paypal.com,xAzzPAZT,eriversoc,2208 Troy Court,7744687799
878,nscroxtonod@ox.ac.uk,3WvBmYm,lbrunood,085 Dayton Crossing,1609642060
879,oplummeroe@webs.com,8K04v4Wh,rcutmereoe,07333 Dorton Alley,7315883304
880,lrobertacciof@dyndns.org,FjTWM3lEk,tbrannoof,34725 Dixon Terrace,1136914449
881,mjoubertog@parallels.com,ywCSkiWQm,aminneyog,34 Lyons Junction,8121934196
882,creithoh@g.co,SGp8Fvqb3k,ahenrotoh,1538 Sunnyside Terrace,7167288262
883,ltoddre@ezinearticles.com,9PVJsf80lNrE,rsilsonoi,33 Vera Parkway,5089833313
884,czimmermanoj@miibeian.gov.cn,fMOT1vYp6N,kleveyoj,8 Lotheville Point,1801031054
885,krosenhauptok@dailymotion.com,ovSR6icXzxn,ahagerghamok,074 Randy Plaza,5046735967
886,kmcpikeol@admin.ch,eMWLGbqfcls,eanthoniesol,60151 Corscot Trail,4208949420
887,cdumphyom@hubpages.com,l1oUVpVInwQ,dheymannom,9 Hayes Way,6911660614
888,cginglellon@miitbeian.gov.cn,IAaSWIORp,fmannieon,085 Dayton Crossing,7215501606
889,adegreyoo@ucla.edu,0XEGPb7XJDvM,rdalmanoo,103 Nancy Way,6688562847
890,cfreezorop@microsoft.com,BVaFzEkJv,lwilloughleyop,5 Badeau Court,6415075063
891,fableyoq@squarespace.com,DU7UBKWgu,sbortolioq,531 David Way,3593547317
892,jwhitleyor@comcast.net,HjH2KjA3Q,gbleezeor,10000 Chinook Plaza,7423691777
893,pjoiceos@techcrunch.com,NiOmBnZ6,dscarmanos,7386 Onsgard Alley,2605738375
894,cstaffot@php.net,birthday1234,rhirthot,08 Schurz Parkway,2441184816
895,kbedboroughou@pcworld.com,wX9FirHHJS2s,dsadlierou,233 Dexter Park,2746942061
896,lvolkesov@tripod.com,birthday1234,jjanatkaov,98911 Shoshone Drive,4766511415
897,eortaow@sciencedirect.com,m1JiwN8,hprateow,155 Crowley Junction,1058835249
898,jervinox@simplemachines.org,SUWr2jMLJ,hgalloox,6 Heath Junction,9664944124
899,tdibbinoy@pagesperso-orange.fr,Lw4ru2Q9JiPZ,vbirneyoy,03116 Summer Ridge Parkway,4699160504
900,bgreaderoz@g.co,passw0rd1!,imakeroz,11 Crescent Oaks Circle,8518692463
901,nbunsonp0@indiatimes.com,fYk80ynNd8tT,dsaffenp0,1 Crownhardt Street,4243414259
902,mwhittersp1@whitehouse.gov,DGWV4KqukVt,rwhatmanp1,2 Lukken Hill,5823227054
903,bhawtryp2@php.net,9Qeo5wvzZ,nhentzelerp2,6639 Crownhardt Place,6969853424
904,wcastellanosp3@amazon.co.jp,uOcfBMsm,glanfearp3,7 Oneill Plaza,3811130907
905,aharvettp4@soup.io,ttZr4ku,wshropshirep4,0 Golf Street,9728716466
906,kbostickp5@networksolutions.com,RfxhMHh,cvickressp5,03 Morning Terrace,4447744078
907,mtreebyp6@google.ru,KtnqNQhf4,pbernonp6,06064 Eagle Crest Street,1929098428
908,speggsp7@over-blog.com,0kDXpF,mfundellp7,085 Dayton Crossing,8734532852
909,cgerltsp8@ning.com,LY0xPXVUsN3,cblaskettp8,36424 Saint Paul Way,9619662136
910,bpuckinghornep9@nationalgeographic.com,jYIFpWiYZl,lnornablep9,80 Schiller Alley,1032475651
911,bdegliantonipa@google.com,em8Dmtcr,egallearpa,1824 Sommers Parkway,2225850139
912,cschonfelderpb@scientificamerican.com,wq5WpY,fmcnirlanpb,1446 Hudson Plaza,9198126888
913,kelementpc@tripod.com,emEygpvI,jdonavanpc,6 Heath Junction,6617908732
914,gellenpd@cbc.ca,Fd1cWCoM,abinionpd,17 Continental Drive,1512619209
915,xmeespe@cbc.ca,VrElchWUpa3,ulyndonpe,54 Pond Park,7695002197
916,mcrowdsonpf@seesaa.net,llO1D2E,tfearnyhoughpf,63232 Warbler Crossing,7752197989
917,ltoddre@ezinearticles.com,Q3VNZ5hK,wbennetpg,9 Monterey Center,3471324593
918,bbyrneph@auda.org.au,jdJxDTw8gGf4,imusgroveph,45270 Union Hill,5986668647
919,atrawinpi@bloglines.com,hasGkdc,vgoreypi,0 Stuart Place,2956599956
920,jperllmanpj@odnoklassniki.ru,YKJi3n6kI,kcoolpj,45950 Warner Plaza,3593547317
921,nhandleypk@nydailynews.com,fItaFjZ2,gbaumerpk,16682 Brown Avenue,4545278404
922,pghidinipl@amazonaws.com,mFPS984,sfarrierpl,22 Warrior Drive,3608917398
923,bfeighrypm@mlb.com,T6JjAM,fhabertpm,8 Menomonie Point,7243395386
924,emckinlesspn@usatoday.com,38wfd3,ctreslerpn,708 Bartelt Trail,6785862902
925,efilchaginpo@yelp.com,wUlud3b,cshimukpo,06623 Eagan Street,6699270678
926,gbibbpp@blogs.com,NHHzNfLGu43H,aswattenpp,56122 Morning Point,1998313196
927,cmuschettepq@last.fm,B5grYZWKKeW,gjuszczykpq,81470 Bartelt Crossing,3042441521
928,fchesswaspr@dion.ne.jp,6v83URlirk,pthripppr,66 Eliot Court,9132393303
929,ahutchcraftps@walmart.com,DGzrj8LojO,wtamplinps,634 Kropf Circle,4984654332
930,hbartheletpt@youtu.be,EhbWIcuTj,bsignept,0279 Heath Terrace,7596685596
931,bmaccathaypu@smh.com.au,9YucZBrc27Q4,tlempkepu,6 Heath Junction,4209080470
932,pparadinpv@wikipedia.org,Rh17Xsfo1,bsimantspv,26205 Paget Way,3235991272
933,mpepineauxpw@pbs.org,urF1pDUr,mjigglepw,6 Glacier Hill Road,6056352261
934,hhunnawillpx@nature.com,1NYPwtvovk,ktuckiepx,00 Oneill Park,6839227812
935,bwattinghampy@ebay.co.uk,uzlw6Bk,eculveypy,0 Calypso Plaza,1991707933
936,krivespz@tinypic.com,sSVVAeu,palcottpz,40 Dakota Circle,8282552200
937,rorangeq0@zimbio.com,85pVU8,wobellq0,60449 Trailsway Terrace,5372848529
938,dmellorq1@wordpress.org,X4qbQkVIvYy,fcokeq1,396 Farmco Court,5448138121
939,wortsmannq2@unblog.fr,I0GQm27,rbrinkmanq2,4864 Morrow Terrace,5524837264
940,ogrgicq3@hubpages.com,5mY5UB,ghuftonq3,59 Valley Edge Drive,5314322230
941,mpykermanq4@examiner.com,PBPA79iGZ6L,vbullockeq4,91 Namekagon Alley,3032285745
942,fmcowisq5@behance.net,YwfBRo,echooterq5,97 Holmberg Court,2784793351
943,rolivellaq6@biblegateway.com,P3SdPX,mwelsbyq6,06 Red Cloud Lane,1359096726
944,jbrecknellq7@economist.com,ecjbA7,rhumburtonq7,95 Pepper Wood Hill,9808739244
945,hrichichiq8@buzzfeed.com,nyd1rKhsz80,tmcjarrowq8,19 Dwight Street,5308524608
946,ltoddre@ezinearticles.com,GR2UaZiPi,cdennehyq9,8 Morning Hill,1972665516
947,kfairleighqa@shinystat.com,Ws0i4sTjl9,lthwaiteqa,5130 Manley Plaza,9275769299
948,tlambertsonqb@baidu.com,birthday1234,kchecciqb,8 Redwing Trail,1117369184
949,bdarkinsqc@163.com,D7zZ1nUmS,spelchatqc,55 Heffernan Point,1191945138
950,tkopqd@comcast.net,C5CyKVkO,kkienzleqd,9 Banding Center,4634449151
951,aghidelliqe@comcast.net,5Ot6YmHp1p0O,btilioqe,59 Valley Edge Drive,9918212051
952,mprueqf@reverbnation.com,nhgVmv,rbramsenqf,6 Corscot Parkway,7975117309
953,faylmoreqg@google.com,faNoUm4,cmeltonqg,67 Granby Way,3122852060
954,acuttlerqh@redcross.org,12345qwerty,fhalloranqh,2541 Victoria Drive,5211353359
955,mgrazierqi@nytimes.com,7sBKZtK,bundyqi,2025 John Wall Street,6016242751
956,bdegliantonipa@google.com,exEtEMUDb,kmixtureqj,0 Sutherland Court,7431722874
957,arahillqk@diigo.com,MTQINbH6,carrundaleqk,021 Kensington Hill,9456099498
958,dskentelberyql@china.com.cn,KwXk1u,bkoppsql,2 Barnett Way,6095600772
959,ctightqm@deviantart.com,sJ6sFhjL,ahasluckqm,2 5th Avenue,3467043886
960,rpouldenqn@ca.gov,ghWdf4LRsh,wchiechioqn,871 Schlimgen Way,3323159970
961,bcathelqo@bloglovin.com,ODjx5G,lthrowerqo,9539 Moulton Place,1457631086
962,bstittqp@goo.gl,fPvaCKNhdMUX,rtramelqp,59 Valley Edge Drive,1663656977
963,qbisattqq@psu.edu,CUvznhD9,ngoddingqq,521 Golf View Alley,9233187188
964,jworsomqr@w3.org,P2mXkUa4,athieseqr,8 Parkside Place,4356217688
965,kvanbaarenqs@wisc.edu,mdOkjyNjFa,tsappellqs,6239 Westport Trail,7708189847
966,fargontqt@drupal.org,6SmLg4mG,tcumoqt,58314 Maple Court,1359096726
967,efauningqu@multiply.com,3mozkK8EayLpassw0rd1!,sreadwinqu,34 Mendota Pass,3556716757
968,hknewstubbqv@flickr.com,UA2E1fK1EDr,acrudgintonqv,02084 Dottie Parkway,7779973079
969,ltoddre@ezinearticles.com,passw0rd1!,gpicklessqw,8871 Morning Drive,2147935527
970,msimnettqx@usa.gov,ejPDJgc,vbisetqx,7096 Veith Avenue,6203277194
971,gbruffellqy@nps.gov,nFLvV2,vdelleschiqy,5 Lindbergh Place,1301270936
972,atextonqz@china.com.cn,FgJcplmLY7O,achapelhowqz,9 Butternut Plaza,8122052256
973,bslorar0@hao123.com,2E9BGVnjz,eromayner0,0775 3rd Alley,9091463240
974,agiddensr1@irs.gov,CyDhXO,bdimondr1,1814 Jackson Court,9766547403
975,tjakoviljevicr2@squarespace.com,83IW6NI,pwallerbridger2,5115 Lawn Hill,1166645631
976,mantalr3@mozilla.com,4FHX9M7EUSj,lyanyushkinr3,4731 Hauk Terrace,1584107465
977,bwalesar4@nsw.gov.au,8TLMxQB,ekebbellr4,34 Mendota Pass,1629489424
978,jfahyr5@amazon.de,RZX1DFrMtoq,dgrievesonr5,328 Anhalt Lane,9994576783
979,asainsberryr6@vinaora.com,bu2jznyKgd,mattenbarrowr6,44100 Elmside Parkway,9113445155
980,lsnelgrover7@blogs.com,d81qAugT3,gendrighir7,65182 Havey Center,9892896031
981,ikorneichukr8@netvibes.com,c1MYwx6QLw,fcantor8,44 Kenwood Park,6619253847
982,sgarnerr9@vk.com,ZLlDxnBHN,ehebblewhiter9,3 Emmet Junction,4792973802
983,eattridgera@pbs.org,OR6YzLlIyR43,jmccritichiera,39 Anniversary Court,9082613817
984,ltoddre@ezinearticles.com,9XFijYaMl,amayhorb,34 Mendota Pass,9177979342
985,icribbinsrc@telegraph.co.uk,EhbWIcuTj,smundierc,08393 Pawling Plaza,4792973802
986,poshaughnessyrd@ox.ac.uk,ilBN8TJ5rM6D,ggodfroyrd,82875 Clyde Gallagher Hill,9631282942
987,ltoddre@ezinearticles.com,8UtjBqi,bdymottre,00326 Summerview Pass,7864522743
988,kgomersallrf@sun.com,F3zgu8q,rpalisterrf,6 Stone Corner Pass,9698615064
989,mawdryrg@ovh.net,EhbWIcuTj,egarmentrg,744 Debs Junction,1779040466
990,welgeerh@comcast.net,bKA7CRpQY,rmcduffrh,10 Forest Run Street,5676829411
991,lbangri@who.int,Qv3cSoQsCXK,klikelyri,5406 Grasskamp Road,4027417039
992,adamperrj@mapy.cz,bCvxPRz,telvenrj,48 Raven Alley,6296687388
993,ssheenrk@amazon.co.jp,Uz83mu5t2t5,monraetrk,82875 Clyde Gallagher Hill,4008665883
994,acrucettirl@constantcontact.com,nLz1zNgp,bjeannetrl,3 Ohio Junction,3455373121
995,bfidoerm@t-online.de,h7Vg1V2,hsarverrm,006 Northwestern Point,2893555426
996,bdegliantonipa@google.com,passw0rd1!,dauthersrn,29 Columbus Trail,4792973802
997,ihenburyro@google.pl,YPZHwISBXHcS,ewestgarthro,82875 Clyde Gallagher Hill,8149117440
998,arupelrp@cocolog-nifty.com,QuVpvSzU0e,blingerrp,89308 Westport Plaza,4632817458
999,gbarajazrq@arizona.edu,H1l3W4iD,alindenstraussrq,1 Dapin Drive,3837095622
1000,aallderrr@sciencedaily.com,cLWePs,mstokerr,0 Morrow Way,7568856767